Workbook

Sheet SAP Results
A1: Frame | B1: Station | C1: OutputCase | D1: CaseType | E1: P | F1: V2 | G1: V3 | H1: T | I1: M2 | J1: M3 | K1: FrameElem | L1: ElemStation
A2: 1 | B2: 0 | C2: EX | D2: LinStatic | E2: 18.694 | F2: 40.724 | G2: 0 | H2: 0 | I2: 0 | J2: 125.8599 | K2: 1-1 | L2: 0
A3: 1 | B3: 2.6 | C3: EX | D3: LinStatic | E3: 18.694 | F3: 40.724 | G3: 0 | H3: 0 | I3: 0 | J3: 19.9776 | K3: 1-1 | L3: 2.6
A4: 1 | B4: 5.2 | C4: EX | D4: LinStatic | E4: 18.694 | F4: 40.724 | G4: 0 | H4: 0 | I4: 0 | J4: -85.9048 | K4: 1-1 | L4: 5.2
A5: 1 | B5: 0 | C5: G-1 | D5: LinStatic | E5: -152.782 | F5: -33.565 | G5: 0 | H5: 0 | I5: 0 | J5: -49.6551 | K5: 1-1 | L5: 0
A6: 1 | B6: 2.6 | C6: G-1 | D6: LinStatic | E6: -152.782 | F6: -33.565 | G6: 0 | H6: 0 | I6: 0 | J6: 37.6136 | K6: 1-1 | L6: 2.6
A7: 1 | B7: 5.2 | C7: G-1 | D7: LinStatic | E7: -152.782 | F7: -33.565 | G7: 0 | H7: 0 | I7: 0 | J7: 124.8822 | K7: 1-1 | L7: 5.2
A8: 1 | B8: 0 | C8: G-2 | D8: LinStatic | E8: 10.213 | F8: 1.025 | G8: 0 | H8: 0 | I8: 0 | J8: -4.8253 | K8: 1-1 | L8: 0
A9: 1 | B9: 2.6 | C9: G-2 | D9: LinStatic | E9: 10.213 | F9: 1.025 | G9: 0 | H9: 0 | I9: 0 | J9: -7.4898 | K9: 1-1 | L9: 2.6
A10: 1 | B10: 5.2 | C10: G-2 | D10: LinStatic | E10: 10.213 | F10: 1.025 | G10: 0 | H10: 0 | I10: 0 | J10: -10.1543 | K10: 1-1 | L10: 5.2
A11: 1 | B11: 0 | C11: Q-1 | D11: LinStatic | E11: -77.08 | F11: -16.934 | G11: 0 | H11: 0 | I11: 0 | J11: -25.0516 | K11: 1-1 | L11: 0
A12: 1 | B12: 2.6 | C12: Q-1 | D12: LinStatic | E12: -77.08 | F12: -16.934 | G12: 0 | H12: 0 | I12: 0 | J12: 18.9765 | K12: 1-1 | L12: 2.6
A13: 1 | B13: 5.2 | C13: Q-1 | D13: LinStatic | E13: -77.08 | F13: -16.934 | G13: 0 | H13: 0 | I13: 0 | J13: 63.0046 | K13: 1-1 | L13: 5.2
... A136: 5 | B136: 8.05 | C136: Q-2 | D136: LinStatic | E136: 0 | F136: 77.08 | G136: 0 | H136: 0 | I136: 0 | J136: -63.0046 | K136: 5-1 | L136: 8.05

Sheet G-1
A1: ='SAP Results'!A1 -> Frame | B1: ='SAP Results'!B1 -> Station | C1: ='SAP Results'!C1 -> OutputCase | D1: ='SAP Results'!D1 -> CaseType | E1: ='SAP Results'!E1 -> P | F1: ='SAP Results'!F1 -> V2 | G1: ='SAP Results'!G1 -> V3 | H1: ='SAP Results'!H1 -> T | ... L1: ='SAP Results'!L1 -> ElemStation
A2: ='SAP Results'!A2 -> 1 | B2: ='SAP Results'!B2 -> 0 | C2: ='SAP Results'!C2 -> EX | D2: ='SAP Results'!D2 -> LinStatic | E2: ='SAP Results'!E2 -> 18.694 | F2: ='SAP Results'!F2 -> 40.724 | G2: ='SAP Results'!G2 -> 0 | H2: ='SAP Results'!H2 -> 0 | ... L2: ='SAP Results'!L2 -> 0
A3: ='SAP Results'!A3 -> 1 | B3: ='SAP Results'!B3 -> 2.6 | C3: ='SAP Results'!C3 -> EX | D3: ='SAP Results'!D3 -> LinStatic | E3: ='SAP Results'!E3 -> 18.694 | F3: ='SAP Results'!F3 -> 40.724 | G3: ='SAP Results'!G3 -> 0 | H3: ='SAP Results'!H3 -> 0 | ... L3: ='SAP Results'!L3 -> 2.6
A4: ='SAP Results'!A4 -> 1 | B4: ='SAP Results'!B4 -> 5.2 | C4: ='SAP Results'!C4 -> EX | D4: ='SAP Results'!D4 -> LinStatic | E4: ='SAP Results'!E4 -> 18.694 | F4: ='SAP Results'!F4 -> 40.724 | G4: ='SAP Results'!G4 -> 0 | H4: ='SAP Results'!H4 -> 0 | ... L4: ='SAP Results'!L4 -> 5.2
A5: ='SAP Results'!A5 -> 1 | B5: ='SAP Results'!B5 -> 0 | C5: ='SAP Results'!C5 -> G-1 | D5: ='SAP Results'!D5 -> LinStatic | E5: ='SAP Results'!E5 -> -152.782 | F5: ='SAP Results'!F5 -> -33.565 | G5: ='SAP Results'!G5 -> 0 | H5: ='SAP Results'!H5 -> 0 | ... L5: ='SAP Results'!L5 -> 0
A6: ='SAP Results'!A6 -> 1 | B6: ='SAP Results'!B6 -> 2.6 | C6: ='SAP Results'!C6 -> G-1 | D6: ='SAP Results'!D6 -> LinStatic | E6: ='SAP Results'!E6 -> -152.782 | F6: ='SAP Results'!F6 -> -33.565 | G6: ='SAP Results'!G6 -> 0 | H6: ='SAP Results'!H6 -> 0 | ... L6: ='SAP Results'!L6 -> 2.6
A7: ='SAP Results'!A7 -> 1 | B7: ='SAP Results'!B7 -> 5.2 | C7: ='SAP Results'!C7 -> G-1 | D7: ='SAP Results'!D7 -> LinStatic | E7: ='SAP Results'!E7 -> -152.782 | F7: ='SAP Results'!F7 -> -33.565 | G7: ='SAP Results'!G7 -> 0 | H7: ='SAP Results'!H7 -> 0 | ... L7: ='SAP Results'!L7 -> 5.2
A8: ='SAP Results'!A8 -> 1 | B8: ='SAP Results'!B8 -> 0 | C8: ='SAP Results'!C8 -> G-2 | D8: ='SAP Results'!D8 -> LinStatic | E8: ='SAP Results'!E8 -> 10.213 | F8: ='SAP Results'!F8 -> 1.025 | G8: ='SAP Results'!G8 -> 0 | H8: ='SAP Results'!H8 -> 0 | ... L8: ='SAP Results'!L8 -> 0
A9: ='SAP Results'!A9 -> 1 | B9: ='SAP Results'!B9 -> 2.6 | C9: ='SAP Results'!C9 -> G-2 | D9: ='SAP Results'!D9 -> LinStatic | E9: ='SAP Results'!E9 -> 10.213 | F9: ='SAP Results'!F9 -> 1.025 | G9: ='SAP Results'!G9 -> 0 | H9: ='SAP Results'!H9 -> 0 | ... L9: ='SAP Results'!L9 -> 2.6
A10: ='SAP Results'!A10 -> 1 | B10: ='SAP Results'!B10 -> 5.2 | C10: ='SAP Results'!C10 -> G-2 | D10: ='SAP Results'!D10 -> LinStatic | E10: ='SAP Results'!E10 -> 10.213 | F10: ='SAP Results'!F10 -> 1.025 | G10: ='SAP Results'!G10 -> 0 | H10: ='SAP Results'!H10 -> 0 | ... L10: ='SAP Results'!L10 -> 5.2
A11: ='SAP Results'!A11 -> 1 | B11: ='SAP Results'!B11 -> 0 | C11: ='SAP Results'!C11 -> Q-1 | D11: ='SAP Results'!D11 -> LinStatic | E11: ='SAP Results'!E11 -> -77.08 | F11: ='SAP Results'!F11 -> -16.934 | G11: ='SAP Results'!G11 -> 0 | H11: ='SAP Results'!H11 -> 0 | ... L11: ='SAP Results'!L11 -> 0
A12: ='SAP Results'!A12 -> 1 | B12: ='SAP Results'!B12 -> 2.6 | C12: ='SAP Results'!C12 -> Q-1 | D12: ='SAP Results'!D12 -> LinStatic | E12: ='SAP Results'!E12 -> -77.08 | F12: ='SAP Results'!F12 -> -16.934 | G12: ='SAP Results'!G12 -> 0 | H12: ='SAP Results'!H12 -> 0 | ... L12: ='SAP Results'!L12 -> 2.6
... A136: ='SAP Results'!A136 -> 5 | B136: ='SAP Results'!B136 -> 8.05 | C136: ='SAP Results'!C136 -> Q-2 | D136: ='SAP Results'!D136 -> LinStatic | E136: ='SAP Results'!E136 -> 0 | F136: ='SAP Results'!F136 -> 77.08 | G136: ='SAP Results'!G136 -> 0 | H136: ='SAP Results'!H136 -> 0 | ... L136: ='SAP Results'!L136 -> 8.05

Sheet G-2
A1: ='SAP Results'!A1 -> Frame | B1: ='SAP Results'!B1 -> Station | C1: ='SAP Results'!C1 -> OutputCase | D1: ='SAP Results'!D1 -> CaseType | E1: ='SAP Results'!E1 -> P | F1: ='SAP Results'!F1 -> V2 | G1: ='SAP Results'!G1 -> V3 | H1: ='SAP Results'!H1 -> T | ... L1: ='SAP Results'!L1 -> ElemStation
A2: ='SAP Results'!A2 -> 1 | B2: ='SAP Results'!B2 -> 0 | C2: ='SAP Results'!C2 -> EX | D2: ='SAP Results'!D2 -> LinStatic | E2: ='SAP Results'!E2 -> 18.694 | F2: ='SAP Results'!F2 -> 40.724 | G2: ='SAP Results'!G2 -> 0 | H2: ='SAP Results'!H2 -> 0 | ... L2: ='SAP Results'!L2 -> 0
A3: ='SAP Results'!A3 -> 1 | B3: ='SAP Results'!B3 -> 2.6 | C3: ='SAP Results'!C3 -> EX | D3: ='SAP Results'!D3 -> LinStatic | E3: ='SAP Results'!E3 -> 18.694 | F3: ='SAP Results'!F3 -> 40.724 | G3: ='SAP Results'!G3 -> 0 | H3: ='SAP Results'!H3 -> 0 | ... L3: ='SAP Results'!L3 -> 2.6
A4: ='SAP Results'!A4 -> 1 | B4: ='SAP Results'!B4 -> 5.2 | C4: ='SAP Results'!C4 -> EX | D4: ='SAP Results'!D4 -> LinStatic | E4: ='SAP Results'!E4 -> 18.694 | F4: ='SAP Results'!F4 -> 40.724 | G4: ='SAP Results'!G4 -> 0 | H4: ='SAP Results'!H4 -> 0 | ... L4: ='SAP Results'!L4 -> 5.2
A5: ='SAP Results'!A5 -> 1 | B5: ='SAP Results'!B5 -> 0 | C5: ='SAP Results'!C5 -> G-1 | D5: ='SAP Results'!D5 -> LinStatic | E5: ='SAP Results'!E5 -> -152.782 | F5: ='SAP Results'!F5 -> -33.565 | G5: ='SAP Results'!G5 -> 0 | H5: ='SAP Results'!H5 -> 0 | ... L5: ='SAP Results'!L5 -> 0
A6: ='SAP Results'!A6 -> 1 | B6: ='SAP Results'!B6 -> 2.6 | C6: ='SAP Results'!C6 -> G-1 | D6: ='SAP Results'!D6 -> LinStatic | E6: ='SAP Results'!E6 -> -152.782 | F6: ='SAP Results'!F6 -> -33.565 | G6: ='SAP Results'!G6 -> 0 | H6: ='SAP Results'!H6 -> 0 | ... L6: ='SAP Results'!L6 -> 2.6
A7: ='SAP Results'!A7 -> 1 | B7: ='SAP Results'!B7 -> 5.2 | C7: ='SAP Results'!C7 -> G-1 | D7: ='SAP Results'!D7 -> LinStatic | E7: ='SAP Results'!E7 -> -152.782 | F7: ='SAP Results'!F7 -> -33.565 | G7: ='SAP Results'!G7 -> 0 | H7: ='SAP Results'!H7 -> 0 | ... L7: ='SAP Results'!L7 -> 5.2
A8: ='SAP Results'!A8 -> 1 | B8: ='SAP Results'!B8 -> 0 | C8: ='SAP Results'!C8 -> G-2 | D8: ='SAP Results'!D8 -> LinStatic | E8: ='SAP Results'!E8 -> 10.213 | F8: ='SAP Results'!F8 -> 1.025 | G8: ='SAP Results'!G8 -> 0 | H8: ='SAP Results'!H8 -> 0 | ... L8: ='SAP Results'!L8 -> 0
A9: ='SAP Results'!A9 -> 1 | B9: ='SAP Results'!B9 -> 2.6 | C9: ='SAP Results'!C9 -> G-2 | D9: ='SAP Results'!D9 -> LinStatic | E9: ='SAP Results'!E9 -> 10.213 | F9: ='SAP Results'!F9 -> 1.025 | G9: ='SAP Results'!G9 -> 0 | H9: ='SAP Results'!H9 -> 0 | ... L9: ='SAP Results'!L9 -> 2.6
A10: ='SAP Results'!A10 -> 1 | B10: ='SAP Results'!B10 -> 5.2 | C10: ='SAP Results'!C10 -> G-2 | D10: ='SAP Results'!D10 -> LinStatic | E10: ='SAP Results'!E10 -> 10.213 | F10: ='SAP Results'!F10 -> 1.025 | G10: ='SAP Results'!G10 -> 0 | H10: ='SAP Results'!H10 -> 0 | ... L10: ='SAP Results'!L10 -> 5.2
A11: ='SAP Results'!A11 -> 1 | B11: ='SAP Results'!B11 -> 0 | C11: ='SAP Results'!C11 -> Q-1 | D11: ='SAP Results'!D11 -> LinStatic | E11: ='SAP Results'!E11 -> -77.08 | F11: ='SAP Results'!F11 -> -16.934 | G11: ='SAP Results'!G11 -> 0 | H11: ='SAP Results'!H11 -> 0 | ... L11: ='SAP Results'!L11 -> 0
A12: ='SAP Results'!A12 -> 1 | B12: ='SAP Results'!B12 -> 2.6 | C12: ='SAP Results'!C12 -> Q-1 | D12: ='SAP Results'!D12 -> LinStatic | E12: ='SAP Results'!E12 -> -77.08 | F12: ='SAP Results'!F12 -> -16.934 | G12: ='SAP Results'!G12 -> 0 | H12: ='SAP Results'!H12 -> 0 | ... L12: ='SAP Results'!L12 -> 2.6
... A136: ='SAP Results'!A136 -> 5 | B136: ='SAP Results'!B136 -> 8.05 | C136: ='SAP Results'!C136 -> Q-2 | D136: ='SAP Results'!D136 -> LinStatic | E136: ='SAP Results'!E136 -> 0 | F136: ='SAP Results'!F136 -> 77.08 | G136: ='SAP Results'!G136 -> 0 | H136: ='SAP Results'!H136 -> 0 | ... L136: ='SAP Results'!L136 -> 8.05

Sheet Q-1
A1: ='SAP Results'!A1 -> Frame | B1: ='SAP Results'!B1 -> Station | C1: ='SAP Results'!C1 -> OutputCase | D1: ='SAP Results'!D1 -> CaseType | E1: ='SAP Results'!E1 -> P | F1: ='SAP Results'!F1 -> V2 | G1: ='SAP Results'!G1 -> V3 | H1: ='SAP Results'!H1 -> T | ... L1: ='SAP Results'!L1 -> ElemStation
A2: ='SAP Results'!A2 -> 1 | B2: ='SAP Results'!B2 -> 0 | C2: ='SAP Results'!C2 -> EX | D2: ='SAP Results'!D2 -> LinStatic | E2: ='SAP Results'!E2 -> 18.694 | F2: ='SAP Results'!F2 -> 40.724 | G2: ='SAP Results'!G2 -> 0 | H2: ='SAP Results'!H2 -> 0 | ... L2: ='SAP Results'!L2 -> 0
A3: ='SAP Results'!A3 -> 1 | B3: ='SAP Results'!B3 -> 2.6 | C3: ='SAP Results'!C3 -> EX | D3: ='SAP Results'!D3 -> LinStatic | E3: ='SAP Results'!E3 -> 18.694 | F3: ='SAP Results'!F3 -> 40.724 | G3: ='SAP Results'!G3 -> 0 | H3: ='SAP Results'!H3 -> 0 | ... L3: ='SAP Results'!L3 -> 2.6
A4: ='SAP Results'!A4 -> 1 | B4: ='SAP Results'!B4 -> 5.2 | C4: ='SAP Results'!C4 -> EX | D4: ='SAP Results'!D4 -> LinStatic | E4: ='SAP Results'!E4 -> 18.694 | F4: ='SAP Results'!F4 -> 40.724 | G4: ='SAP Results'!G4 -> 0 | H4: ='SAP Results'!H4 -> 0 | ... L4: ='SAP Results'!L4 -> 5.2
A5: ='SAP Results'!A5 -> 1 | B5: ='SAP Results'!B5 -> 0 | C5: ='SAP Results'!C5 -> G-1 | D5: ='SAP Results'!D5 -> LinStatic | E5: ='SAP Results'!E5 -> -152.782 | F5: ='SAP Results'!F5 -> -33.565 | G5: ='SAP Results'!G5 -> 0 | H5: ='SAP Results'!H5 -> 0 | ... L5: ='SAP Results'!L5 -> 0
A6: ='SAP Results'!A6 -> 1 | B6: ='SAP Results'!B6 -> 2.6 | C6: ='SAP Results'!C6 -> G-1 | D6: ='SAP Results'!D6 -> LinStatic | E6: ='SAP Results'!E6 -> -152.782 | F6: ='SAP Results'!F6 -> -33.565 | G6: ='SAP Results'!G6 -> 0 | H6: ='SAP Results'!H6 -> 0 | ... L6: ='SAP Results'!L6 -> 2.6
A7: ='SAP Results'!A7 -> 1 | B7: ='SAP Results'!B7 -> 5.2 | C7: ='SAP Results'!C7 -> G-1 | D7: ='SAP Results'!D7 -> LinStatic | E7: ='SAP Results'!E7 -> -152.782 | F7: ='SAP Results'!F7 -> -33.565 | G7: ='SAP Results'!G7 -> 0 | H7: ='SAP Results'!H7 -> 0 | ... L7: ='SAP Results'!L7 -> 5.2
A8: ='SAP Results'!A8 -> 1 | B8: ='SAP Results'!B8 -> 0 | C8: ='SAP Results'!C8 -> G-2 | D8: ='SAP Results'!D8 -> LinStatic | E8: ='SAP Results'!E8 -> 10.213 | F8: ='SAP Results'!F8 -> 1.025 | G8: ='SAP Results'!G8 -> 0 | H8: ='SAP Results'!H8 -> 0 | ... L8: ='SAP Results'!L8 -> 0
A9: ='SAP Results'!A9 -> 1 | B9: ='SAP Results'!B9 -> 2.6 | C9: ='SAP Results'!C9 -> G-2 | D9: ='SAP Results'!D9 -> LinStatic | E9: ='SAP Results'!E9 -> 10.213 | F9: ='SAP Results'!F9 -> 1.025 | G9: ='SAP Results'!G9 -> 0 | H9: ='SAP Results'!H9 -> 0 | ... L9: ='SAP Results'!L9 -> 2.6
A10: ='SAP Results'!A10 -> 1 | B10: ='SAP Results'!B10 -> 5.2 | C10: ='SAP Results'!C10 -> G-2 | D10: ='SAP Results'!D10 -> LinStatic | E10: ='SAP Results'!E10 -> 10.213 | F10: ='SAP Results'!F10 -> 1.025 | G10: ='SAP Results'!G10 -> 0 | H10: ='SAP Results'!H10 -> 0 | ... L10: ='SAP Results'!L10 -> 5.2
A11: ='SAP Results'!A11 -> 1 | B11: ='SAP Results'!B11 -> 0 | C11: ='SAP Results'!C11 -> Q-1 | D11: ='SAP Results'!D11 -> LinStatic | E11: ='SAP Results'!E11 -> -77.08 | F11: ='SAP Results'!F11 -> -16.934 | G11: ='SAP Results'!G11 -> 0 | H11: ='SAP Results'!H11 -> 0 | ... L11: ='SAP Results'!L11 -> 0
A12: ='SAP Results'!A12 -> 1 | B12: ='SAP Results'!B12 -> 2.6 | C12: ='SAP Results'!C12 -> Q-1 | D12: ='SAP Results'!D12 -> LinStatic | E12: ='SAP Results'!E12 -> -77.08 | F12: ='SAP Results'!F12 -> -16.934 | G12: ='SAP Results'!G12 -> 0 | H12: ='SAP Results'!H12 -> 0 | ... L12: ='SAP Results'!L12 -> 2.6
... A136: ='SAP Results'!A136 -> 5 | B136: ='SAP Results'!B136 -> 8.05 | C136: ='SAP Results'!C136 -> Q-2 | D136: ='SAP Results'!D136 -> LinStatic | E136: ='SAP Results'!E136 -> 0 | F136: ='SAP Results'!F136 -> 77.08 | G136: ='SAP Results'!G136 -> 0 | H136: ='SAP Results'!H136 -> 0 | ... L136: ='SAP Results'!L136 -> 8.05

Sheet Q-2
A1: ='SAP Results'!A1 -> Frame | B1: ='SAP Results'!B1 -> Station | C1: ='SAP Results'!C1 -> OutputCase | D1: ='SAP Results'!D1 -> CaseType | E1: ='SAP Results'!E1 -> P | F1: ='SAP Results'!F1 -> V2 | G1: ='SAP Results'!G1 -> V3 | H1: ='SAP Results'!H1 -> T | ... L1: ='SAP Results'!L1 -> ElemStation
A2: ='SAP Results'!A2 -> 1 | B2: ='SAP Results'!B2 -> 0 | C2: ='SAP Results'!C2 -> EX | D2: ='SAP Results'!D2 -> LinStatic | E2: ='SAP Results'!E2 -> 18.694 | F2: ='SAP Results'!F2 -> 40.724 | G2: ='SAP Results'!G2 -> 0 | H2: ='SAP Results'!H2 -> 0 | ... L2: ='SAP Results'!L2 -> 0
A3: ='SAP Results'!A3 -> 1 | B3: ='SAP Results'!B3 -> 2.6 | C3: ='SAP Results'!C3 -> EX | D3: ='SAP Results'!D3 -> LinStatic | E3: ='SAP Results'!E3 -> 18.694 | F3: ='SAP Results'!F3 -> 40.724 | G3: ='SAP Results'!G3 -> 0 | H3: ='SAP Results'!H3 -> 0 | ... L3: ='SAP Results'!L3 -> 2.6
A4: ='SAP Results'!A4 -> 1 | B4: ='SAP Results'!B4 -> 5.2 | C4: ='SAP Results'!C4 -> EX | D4: ='SAP Results'!D4 -> LinStatic | E4: ='SAP Results'!E4 -> 18.694 | F4: ='SAP Results'!F4 -> 40.724 | G4: ='SAP Results'!G4 -> 0 | H4: ='SAP Results'!H4 -> 0 | ... L4: ='SAP Results'!L4 -> 5.2
A5: ='SAP Results'!A5 -> 1 | B5: ='SAP Results'!B5 -> 0 | C5: ='SAP Results'!C5 -> G-1 | D5: ='SAP Results'!D5 -> LinStatic | E5: ='SAP Results'!E5 -> -152.782 | F5: ='SAP Results'!F5 -> -33.565 | G5: ='SAP Results'!G5 -> 0 | H5: ='SAP Results'!H5 -> 0 | ... L5: ='SAP Results'!L5 -> 0
A6: ='SAP Results'!A6 -> 1 | B6: ='SAP Results'!B6 -> 2.6 | C6: ='SAP Results'!C6 -> G-1 | D6: ='SAP Results'!D6 -> LinStatic | E6: ='SAP Results'!E6 -> -152.782 | F6: ='SAP Results'!F6 -> -33.565 | G6: ='SAP Results'!G6 -> 0 | H6: ='SAP Results'!H6 -> 0 | ... L6: ='SAP Results'!L6 -> 2.6
A7: ='SAP Results'!A7 -> 1 | B7: ='SAP Results'!B7 -> 5.2 | C7: ='SAP Results'!C7 -> G-1 | D7: ='SAP Results'!D7 -> LinStatic | E7: ='SAP Results'!E7 -> -152.782 | F7: ='SAP Results'!F7 -> -33.565 | G7: ='SAP Results'!G7 -> 0 | H7: ='SAP Results'!H7 -> 0 | ... L7: ='SAP Results'!L7 -> 5.2
A8: ='SAP Results'!A8 -> 1 | B8: ='SAP Results'!B8 -> 0 | C8: ='SAP Results'!C8 -> G-2 | D8: ='SAP Results'!D8 -> LinStatic | E8: ='SAP Results'!E8 -> 10.213 | F8: ='SAP Results'!F8 -> 1.025 | G8: ='SAP Results'!G8 -> 0 | H8: ='SAP Results'!H8 -> 0 | ... L8: ='SAP Results'!L8 -> 0
A9: ='SAP Results'!A9 -> 1 | B9: ='SAP Results'!B9 -> 2.6 | C9: ='SAP Results'!C9 -> G-2 | D9: ='SAP Results'!D9 -> LinStatic | E9: ='SAP Results'!E9 -> 10.213 | F9: ='SAP Results'!F9 -> 1.025 | G9: ='SAP Results'!G9 -> 0 | H9: ='SAP Results'!H9 -> 0 | ... L9: ='SAP Results'!L9 -> 2.6
A10: ='SAP Results'!A10 -> 1 | B10: ='SAP Results'!B10 -> 5.2 | C10: ='SAP Results'!C10 -> G-2 | D10: ='SAP Results'!D10 -> LinStatic | E10: ='SAP Results'!E10 -> 10.213 | F10: ='SAP Results'!F10 -> 1.025 | G10: ='SAP Results'!G10 -> 0 | H10: ='SAP Results'!H10 -> 0 | ... L10: ='SAP Results'!L10 -> 5.2
A11: ='SAP Results'!A11 -> 1 | B11: ='SAP Results'!B11 -> 0 | C11: ='SAP Results'!C11 -> Q-1 | D11: ='SAP Results'!D11 -> LinStatic | E11: ='SAP Results'!E11 -> -77.08 | F11: ='SAP Results'!F11 -> -16.934 | G11: ='SAP Results'!G11 -> 0 | H11: ='SAP Results'!H11 -> 0 | ... L11: ='SAP Results'!L11 -> 0
A12: ='SAP Results'!A12 -> 1 | B12: ='SAP Results'!B12 -> 2.6 | C12: ='SAP Results'!C12 -> Q-1 | D12: ='SAP Results'!D12 -> LinStatic | E12: ='SAP Results'!E12 -> -77.08 | F12: ='SAP Results'!F12 -> -16.934 | G12: ='SAP Results'!G12 -> 0 | H12: ='SAP Results'!H12 -> 0 | ... L12: ='SAP Results'!L12 -> 2.6
... A136: ='SAP Results'!A136 -> 5 | B136: ='SAP Results'!B136 -> 8.05 | C136: ='SAP Results'!C136 -> Q-2 | D136: ='SAP Results'!D136 -> LinStatic | E136: ='SAP Results'!E136 -> 0 | F136: ='SAP Results'!F136 -> 77.08 | G136: ='SAP Results'!G136 -> 0 | H136: ='SAP Results'!H136 -> 0 | ... L136: ='SAP Results'!L136 -> 8.05

Sheet EX
A1: ='SAP Results'!A1 -> Frame | B1: ='SAP Results'!B1 -> Station | C1: ='SAP Results'!C1 -> OutputCase | D1: ='SAP Results'!D1 -> CaseType | E1: ='SAP Results'!E1 -> P | F1: ='SAP Results'!F1 -> V2 | G1: ='SAP Results'!G1 -> V3 | H1: ='SAP Results'!H1 -> T | ... L1: ='SAP Results'!L1 -> ElemStation
A2: ='SAP Results'!A2 -> 1 | B2: ='SAP Results'!B2 -> 0 | C2: ='SAP Results'!C2 -> EX | D2: ='SAP Results'!D2 -> LinStatic | E2: ='SAP Results'!E2 -> 18.694 | F2: ='SAP Results'!F2 -> 40.724 | G2: ='SAP Results'!G2 -> 0 | H2: ='SAP Results'!H2 -> 0 | ... L2: ='SAP Results'!L2 -> 0
A3: ='SAP Results'!A3 -> 1 | B3: ='SAP Results'!B3 -> 2.6 | C3: ='SAP Results'!C3 -> EX | D3: ='SAP Results'!D3 -> LinStatic | E3: ='SAP Results'!E3 -> 18.694 | F3: ='SAP Results'!F3 -> 40.724 | G3: ='SAP Results'!G3 -> 0 | H3: ='SAP Results'!H3 -> 0 | ... L3: ='SAP Results'!L3 -> 2.6
A4: ='SAP Results'!A4 -> 1 | B4: ='SAP Results'!B4 -> 5.2 | C4: ='SAP Results'!C4 -> EX | D4: ='SAP Results'!D4 -> LinStatic | E4: ='SAP Results'!E4 -> 18.694 | F4: ='SAP Results'!F4 -> 40.724 | G4: ='SAP Results'!G4 -> 0 | H4: ='SAP Results'!H4 -> 0 | ... L4: ='SAP Results'!L4 -> 5.2
A5: ='SAP Results'!A5 -> 1 | B5: ='SAP Results'!B5 -> 0 | C5: ='SAP Results'!C5 -> G-1 | D5: ='SAP Results'!D5 -> LinStatic | E5: ='SAP Results'!E5 -> -152.782 | F5: ='SAP Results'!F5 -> -33.565 | G5: ='SAP Results'!G5 -> 0 | H5: ='SAP Results'!H5 -> 0 | ... L5: ='SAP Results'!L5 -> 0
A6: ='SAP Results'!A6 -> 1 | B6: ='SAP Results'!B6 -> 2.6 | C6: ='SAP Results'!C6 -> G-1 | D6: ='SAP Results'!D6 -> LinStatic | E6: ='SAP Results'!E6 -> -152.782 | F6: ='SAP Results'!F6 -> -33.565 | G6: ='SAP Results'!G6 -> 0 | H6: ='SAP Results'!H6 -> 0 | ... L6: ='SAP Results'!L6 -> 2.6
A7: ='SAP Results'!A7 -> 1 | B7: ='SAP Results'!B7 -> 5.2 | C7: ='SAP Results'!C7 -> G-1 | D7: ='SAP Results'!D7 -> LinStatic | E7: ='SAP Results'!E7 -> -152.782 | F7: ='SAP Results'!F7 -> -33.565 | G7: ='SAP Results'!G7 -> 0 | H7: ='SAP Results'!H7 -> 0 | ... L7: ='SAP Results'!L7 -> 5.2
A8: ='SAP Results'!A8 -> 1 | B8: ='SAP Results'!B8 -> 0 | C8: ='SAP Results'!C8 -> G-2 | D8: ='SAP Results'!D8 -> LinStatic | E8: ='SAP Results'!E8 -> 10.213 | F8: ='SAP Results'!F8 -> 1.025 | G8: ='SAP Results'!G8 -> 0 | H8: ='SAP Results'!H8 -> 0 | ... L8: ='SAP Results'!L8 -> 0
A9: ='SAP Results'!A9 -> 1 | B9: ='SAP Results'!B9 -> 2.6 | C9: ='SAP Results'!C9 -> G-2 | D9: ='SAP Results'!D9 -> LinStatic | E9: ='SAP Results'!E9 -> 10.213 | F9: ='SAP Results'!F9 -> 1.025 | G9: ='SAP Results'!G9 -> 0 | H9: ='SAP Results'!H9 -> 0 | ... L9: ='SAP Results'!L9 -> 2.6
A10: ='SAP Results'!A10 -> 1 | B10: ='SAP Results'!B10 -> 5.2 | C10: ='SAP Results'!C10 -> G-2 | D10: ='SAP Results'!D10 -> LinStatic | E10: ='SAP Results'!E10 -> 10.213 | F10: ='SAP Results'!F10 -> 1.025 | G10: ='SAP Results'!G10 -> 0 | H10: ='SAP Results'!H10 -> 0 | ... L10: ='SAP Results'!L10 -> 5.2
A11: ='SAP Results'!A11 -> 1 | B11: ='SAP Results'!B11 -> 0 | C11: ='SAP Results'!C11 -> Q-1 | D11: ='SAP Results'!D11 -> LinStatic | E11: ='SAP Results'!E11 -> -77.08 | F11: ='SAP Results'!F11 -> -16.934 | G11: ='SAP Results'!G11 -> 0 | H11: ='SAP Results'!H11 -> 0 | ... L11: ='SAP Results'!L11 -> 0
A12: ='SAP Results'!A12 -> 1 | B12: ='SAP Results'!B12 -> 2.6 | C12: ='SAP Results'!C12 -> Q-1 | D12: ='SAP Results'!D12 -> LinStatic | E12: ='SAP Results'!E12 -> -77.08 | F12: ='SAP Results'!F12 -> -16.934 | G12: ='SAP Results'!G12 -> 0 | H12: ='SAP Results'!H12 -> 0 | ... L12: ='SAP Results'!L12 -> 2.6
... A136: ='SAP Results'!A136 -> 5 | B136: ='SAP Results'!B136 -> 8.05 | C136: ='SAP Results'!C136 -> Q-2 | D136: ='SAP Results'!D136 -> LinStatic | E136: ='SAP Results'!E136 -> 0 | F136: ='SAP Results'!F136 -> 77.08 | G136: ='SAP Results'!G136 -> 0 | H136: ='SAP Results'!H136 -> 0 | ... L136: ='SAP Results'!L136 -> 8.05

Sheet Δ-Δ
A1: Frame | B1: Station | C1: P | D1: V2 | E1: V3 | F1: T | G1: M2 | H1: M3
A2: 1 | B2: 0 | C2: =1.35*('G-1'!E5+'G-2'!E8)+1.5*('Q-1'!E11+'Q-2'!E14) -> -300.35865 | D2: =1.35*('G-1'!F5+'G-2'!F8)+1.5*('Q-1'!F11+'Q-2'!F14) -> -68.5545 | E2: =1.35*('G-1'!G5+'G-2'!G8)+1.5*('Q-1'!G11+'Q-2'!G14) -> 0 | F2: =1.35*('G-1'!H5+'G-2'!H8)+1.5*('Q-1'!H11+'Q-2'!H14) -> 0 | G2: =1.35*('G-1'!I5+'G-2'!I8)+1.5*('Q-1'!I11+'Q-2'!I14) -> 0 | H2: =1.35*('G-1'!J5+'G-2'!J8)+1.5*('Q-1'!J11+'Q-2'!J14) -> -114.77754
A3: 1 | B3: 3.25 | C3: =1.35*('G-1'!E6+'G-2'!E9)+1.5*('Q-1'!E12+'Q-2'!E15) -> -300.35865 | D3: =1.35*('G-1'!F6+'G-2'!F9)+1.5*('Q-1'!F12+'Q-2'!F15) -> -68.5545 | E3: =1.35*('G-1'!G6+'G-2'!G9)+1.5*('Q-1'!G12+'Q-2'!G15) -> 0 | F3: =1.35*('G-1'!H6+'G-2'!H9)+1.5*('Q-1'!H12+'Q-2'!H15) -> 0 | G3: =1.35*('G-1'!I6+'G-2'!I9)+1.5*('Q-1'!I12+'Q-2'!I15) -> 0 | H3: =1.35*('G-1'!J6+'G-2'!J9)+1.5*('Q-1'!J12+'Q-2'!J15) -> 63.46383
A4: 1 | B4: 6.5 | C4: =1.35*('G-1'!E7+'G-2'!E10)+1.5*('Q-1'!E13+'Q-2'!E16) -> -300.35865 | D4: =1.35*('G-1'!F7+'G-2'!F10)+1.5*('Q-1'!F13+'Q-2'!F16) -> -68.5545 | E4: =1.35*('G-1'!G7+'G-2'!G10)+1.5*('Q-1'!G13+'Q-2'!G16) -> 0 | F4: =1.35*('G-1'!H7+'G-2'!H10)+1.5*('Q-1'!H13+'Q-2'!H16) -> 0 | G4: =1.35*('G-1'!I7+'G-2'!I10)+1.5*('Q-1'!I13+'Q-2'!I16) -> 0 | H4: =1.35*('G-1'!J7+'G-2'!J10)+1.5*('Q-1'!J13+'Q-2'!J16) -> 241.70507
A5: 2 | B5: 0 | C5: =1.35*('G-1'!E20+'G-2'!E23)+1.5*('Q-1'!E26+'Q-2'!E29) -> -752.3112 | D5: =1.35*('G-1'!F20+'G-2'!F23)+1.5*('Q-1'!F26+'Q-2'!F29) -> 0 | E5: =1.35*('G-1'!G20+'G-2'!G23)+1.5*('Q-1'!G26+'Q-2'!G29) -> 0 | F5: =1.35*('G-1'!H20+'G-2'!H23)+1.5*('Q-1'!H26+'Q-2'!H29) -> 0 | G5: =1.35*('G-1'!I20+'G-2'!I23)+1.5*('Q-1'!I26+'Q-2'!I29) -> 0 | H5: =1.35*('G-1'!J20+'G-2'!J23)+1.5*('Q-1'!J26+'Q-2'!J29) -> 0
A6: 2 | B6: 3.25 | C6: =1.35*('G-1'!E21+'G-2'!E24)+1.5*('Q-1'!E27+'Q-2'!E30) -> -752.3112 | D6: =1.35*('G-1'!F21+'G-2'!F24)+1.5*('Q-1'!F27+'Q-2'!F30) -> 0 | E6: =1.35*('G-1'!G21+'G-2'!G24)+1.5*('Q-1'!G27+'Q-2'!G30) -> 0 | F6: =1.35*('G-1'!H21+'G-2'!H24)+1.5*('Q-1'!H27+'Q-2'!H30) -> 0 | G6: =1.35*('G-1'!I21+'G-2'!I24)+1.5*('Q-1'!I27+'Q-2'!I30) -> 0 | H6: =1.35*('G-1'!J21+'G-2'!J24)+1.5*('Q-1'!J27+'Q-2'!J30) -> 0
A7: 2 | B7: 6.5 | C7: =1.35*('G-1'!E22+'G-2'!E25)+1.5*('Q-1'!E28+'Q-2'!E31) -> -752.3112 | D7: =1.35*('G-1'!F22+'G-2'!F25)+1.5*('Q-1'!F28+'Q-2'!F31) -> 0 | E7: =1.35*('G-1'!G22+'G-2'!G25)+1.5*('Q-1'!G28+'Q-2'!G31) -> 0 | F7: =1.35*('G-1'!H22+'G-2'!H25)+1.5*('Q-1'!H28+'Q-2'!H31) -> 0 | G7: =1.35*('G-1'!I22+'G-2'!I25)+1.5*('Q-1'!I28+'Q-2'!I31) -> 0 | H7: =1.35*('G-1'!J22+'G-2'!J25)+1.5*('Q-1'!J28+'Q-2'!J31) -> 0
A8: 3 | B8: 0 | C8: =1.35*('G-1'!E35+'G-2'!E38)+1.5*('Q-1'!E41+'Q-2'!E44) -> -300.35865 | D8: =1.35*('G-1'!F35+'G-2'!F38)+1.5*('Q-1'!F41+'Q-2'!F44) -> 68.5545 | E8: =1.35*('G-1'!G35+'G-2'!G38)+1.5*('Q-1'!G41+'Q-2'!G44) -> 0 | F8: =1.35*('G-1'!H35+'G-2'!H38)+1.5*('Q-1'!H41+'Q-2'!H44) -> 0 | G8: =1.35*('G-1'!I35+'G-2'!I38)+1.5*('Q-1'!I41+'Q-2'!I44) -> 0 | H8: =1.35*('G-1'!J35+'G-2'!J38)+1.5*('Q-1'!J41+'Q-2'!J44) -> 114.77754
A9: 3 | B9: 3.25 | C9: =1.35*('G-1'!E36+'G-2'!E39)+1.5*('Q-1'!E42+'Q-2'!E45) -> -300.35865 | D9: =1.35*('G-1'!F36+'G-2'!F39)+1.5*('Q-1'!F42+'Q-2'!F45) -> 68.5545 | E9: =1.35*('G-1'!G36+'G-2'!G39)+1.5*('Q-1'!G42+'Q-2'!G45) -> 0 | F9: =1.35*('G-1'!H36+'G-2'!H39)+1.5*('Q-1'!H42+'Q-2'!H45) -> 0 | G9: =1.35*('G-1'!I36+'G-2'!I39)+1.5*('Q-1'!I42+'Q-2'!I45) -> 0 | H9: =1.35*('G-1'!J36+'G-2'!J39)+1.5*('Q-1'!J42+'Q-2'!J45) -> -63.46383
A10: 3 | B10: 6.5 | C10: =1.35*('G-1'!E37+'G-2'!E40)+1.5*('Q-1'!E43+'Q-2'!E46) -> -300.35865 | D10: =1.35*('G-1'!F37+'G-2'!F40)+1.5*('Q-1'!F43+'Q-2'!F46) -> 68.5545 | E10: =1.35*('G-1'!G37+'G-2'!G40)+1.5*('Q-1'!G43+'Q-2'!G46) -> 0 | F10: =1.35*('G-1'!H37+'G-2'!H40)+1.5*('Q-1'!H43+'Q-2'!H46) -> 0 | G10: =1.35*('G-1'!I37+'G-2'!I40)+1.5*('Q-1'!I43+'Q-2'!I46) -> 0 | H10: =1.35*('G-1'!J37+'G-2'!J40)+1.5*('Q-1'!J43+'Q-2'!J46) -> -241.70507
A11: 4 | B11: 0 | C11: =1.35*('G-1'!E56+'G-2'!E65)+1.5*('Q-1'!E74+'Q-2'!E83) -> 0 | D11: =1.35*('G-1'!F56+'G-2'!F65)+1.5*('Q-1'!F74+'Q-2'!F83) -> -300.35865 | E11: =1.35*('G-1'!G56+'G-2'!G65)+1.5*('Q-1'!G74+'Q-2'!G83) -> 0 | F11: =1.35*('G-1'!H56+'G-2'!H65)+1.5*('Q-1'!H74+'Q-2'!H83) -> 0 | G11: =1.35*('G-1'!I56+'G-2'!I65)+1.5*('Q-1'!I74+'Q-2'!I83) -> 0 | H11: =1.35*('G-1'!J56+'G-2'!J65)+1.5*('Q-1'!J74+'Q-2'!J83) -> -241.70507
A12: 4 | B12: 1.25 | C12: =1.35*('G-1'!E57+'G-2'!E66)+1.5*('Q-1'!E75+'Q-2'!E84) -> 0 | D12: =1.35*('G-1'!F57+'G-2'!F66)+1.5*('Q-1'!F75+'Q-2'!F84) -> -215.79315 | E12: =1.35*('G-1'!G57+'G-2'!G66)+1.5*('Q-1'!G75+'Q-2'!G84) -> 0 | F12: =1.35*('G-1'!H57+'G-2'!H66)+1.5*('Q-1'!H75+'Q-2'!H84) -> 0 | G12: =1.35*('G-1'!I57+'G-2'!I66)+1.5*('Q-1'!I75+'Q-2'!I84) -> 0 | H12: =1.35*('G-1'!J57+'G-2'!J66)+1.5*('Q-1'!J75+'Q-2'!J84) -> 17.98461
A13: 4 | B13: 2.5 | C13: =1.35*('G-1'!E58+'G-2'!E67)+1.5*('Q-1'!E76+'Q-2'!E85) -> 0 | D13: =1.35*('G-1'!F58+'G-2'!F67)+1.5*('Q-1'!F76+'Q-2'!F85) -> -131.2305 | E13: =1.35*('G-1'!G58+'G-2'!G67)+1.5*('Q-1'!G76+'Q-2'!G85) -> 0 | F13: =1.35*('G-1'!H58+'G-2'!H67)+1.5*('Q-1'!H76+'Q-2'!H85) -> 0 | G13: =1.35*('G-1'!I58+'G-2'!I67)+1.5*('Q-1'!I76+'Q-2'!I85) -> 0 | H13: =1.35*('G-1'!J58+'G-2'!J67)+1.5*('Q-1'!J76+'Q-2'!J85) -> 192.58143
A14: 4 | B14: 3.75 | C14: =1.35*('G-1'!E59+'G-2'!E68)+1.5*('Q-1'!E77+'Q-2'!E86) -> 0 | D14: =1.35*('G-1'!F59+'G-2'!F68)+1.5*('Q-1'!F77+'Q-2'!F86) -> -46.66635 | E14: =1.35*('G-1'!G59+'G-2'!G68)+1.5*('Q-1'!G77+'Q-2'!G86) -> 0 | F14: =1.35*('G-1'!H59+'G-2'!H68)+1.5*('Q-1'!H77+'Q-2'!H86) -> 0 | G14: =1.35*('G-1'!I59+'G-2'!I68)+1.5*('Q-1'!I77+'Q-2'!I86) -> 0 | H14: =1.35*('G-1'!J59+'G-2'!J68)+1.5*('Q-1'!J77+'Q-2'!J86) -> 282.0858
A15: 4 | B15: 5 | C15: =1.35*('G-1'!E60+'G-2'!E69)+1.5*('Q-1'!E78+'Q-2'!E87) -> 0 | D15: =1.35*('G-1'!F60+'G-2'!F69)+1.5*('Q-1'!F78+'Q-2'!F87) -> 37.89915 | E15: =1.35*('G-1'!G60+'G-2'!G69)+1.5*('Q-1'!G78+'Q-2'!G87) -> 0 | F15: =1.35*('G-1'!H60+'G-2'!H69)+1.5*('Q-1'!H78+'Q-2'!H87) -> 0 | G15: =1.35*('G-1'!I60+'G-2'!I69)+1.5*('Q-1'!I78+'Q-2'!I87) -> 0 | H15: =1.35*('G-1'!J60+'G-2'!J69)+1.5*('Q-1'!J78+'Q-2'!J87) -> 286.49716
A16: 4 | B16: 6.25 | C16: =1.35*('G-1'!E61+'G-2'!E70)+1.5*('Q-1'!E79+'Q-2'!E88) -> 0 | D16: =1.35*('G-1'!F61+'G-2'!F70)+1.5*('Q-1'!F79+'Q-2'!F88) -> 122.4633 | E16: =1.35*('G-1'!G61+'G-2'!G70)+1.5*('Q-1'!G79+'Q-2'!G88) -> 0 | F16: =1.35*('G-1'!H61+'G-2'!H70)+1.5*('Q-1'!H79+'Q-2'!H88) -> 0 | G16: =1.35*('G-1'!I61+'G-2'!I70)+1.5*('Q-1'!I79+'Q-2'!I88) -> 0 | H16: =1.35*('G-1'!J61+'G-2'!J70)+1.5*('Q-1'!J79+'Q-2'!J88) -> 205.81566
A17: 4 | B17: 7.5 | C17: =1.35*('G-1'!E62+'G-2'!E71)+1.5*('Q-1'!E80+'Q-2'!E89) -> 0 | D17: =1.35*('G-1'!F62+'G-2'!F71)+1.5*('Q-1'!F80+'Q-2'!F89) -> 207.02595 | E17: =1.35*('G-1'!G62+'G-2'!G71)+1.5*('Q-1'!G80+'Q-2'!G89) -> 0 | F17: =1.35*('G-1'!H62+'G-2'!H71)+1.5*('Q-1'!H80+'Q-2'!H89) -> 0 | G17: =1.35*('G-1'!I62+'G-2'!I71)+1.5*('Q-1'!I80+'Q-2'!I89) -> 0 | H17: =1.35*('G-1'!J62+'G-2'!J71)+1.5*('Q-1'!J80+'Q-2'!J89) -> 40.04172
A18: 4 | B18: 8.75 | C18: =1.35*('G-1'!E63+'G-2'!E72)+1.5*('Q-1'!E81+'Q-2'!E90) -> 0 | D18: =1.35*('G-1'!F63+'G-2'!F72)+1.5*('Q-1'!F81+'Q-2'!F90) -> 291.5901 | E18: =1.35*('G-1'!G63+'G-2'!G72)+1.5*('Q-1'!G81+'Q-2'!G90) -> 0 | F18: =1.35*('G-1'!H63+'G-2'!H72)+1.5*('Q-1'!H81+'Q-2'!H90) -> 0 | G18: =1.35*('G-1'!I63+'G-2'!I72)+1.5*('Q-1'!I81+'Q-2'!I90) -> 0 | H18: =1.35*('G-1'!J63+'G-2'!J72)+1.5*('Q-1'!J81+'Q-2'!J90) -> -210.82538
A19: 4 | B19: 10 | C19: =1.35*('G-1'!E64+'G-2'!E73)+1.5*('Q-1'!E82+'Q-2'!E91) -> 0 | D19: =1.35*('G-1'!F64+'G-2'!F73)+1.5*('Q-1'!F82+'Q-2'!F91) -> 376.1556 | E19: =1.35*('G-1'!G64+'G-2'!G73)+1.5*('Q-1'!G82+'Q-2'!G91) -> 0 | F19: =1.35*('G-1'!H64+'G-2'!H73)+1.5*('Q-1'!H82+'Q-2'!H91) -> 0 | G19: =1.35*('G-1'!I64+'G-2'!I73)+1.5*('Q-1'!I82+'Q-2'!I91) -> 0 | H19: =1.35*('G-1'!J64+'G-2'!J73)+1.5*('Q-1'!J82+'Q-2'!J91) -> -546.78492
A20: 5 | B20: 0 | C20: =1.35*('G-1'!E101+'G-2'!E110)+1.5*('Q-1'!E119+'Q-2'!E128) -> 0 | D20: =1.35*('G-1'!F101+'G-2'!F110)+1.5*('Q-1'!F119+'Q-2'!F128) -> -376.1556 | E20: =1.35*('G-1'!G101+'G-2'!G110)+1.5*('Q-1'!G119+'Q-2'!G128) -> 0 | F20: =1.35*('G-1'!H101+'G-2'!H110)+1.5*('Q-1'!H119+'Q-2'!H128) -> 0 | G20: =1.35*('G-1'!I101+'G-2'!I110)+1.5*('Q-1'!I119+'Q-2'!I128) -> 0 | H20: =1.35*('G-1'!J101+'G-2'!J110)+1.5*('Q-1'!J119+'Q-2'!J128) -> -546.78492
A21: 5 | B21: 1.25 | C21: =1.35*('G-1'!E102+'G-2'!E111)+1.5*('Q-1'!E120+'Q-2'!E129) -> 0 | D21: =1.35*('G-1'!F102+'G-2'!F111)+1.5*('Q-1'!F120+'Q-2'!F129) -> -291.5901 | E21: =1.35*('G-1'!G102+'G-2'!G111)+1.5*('Q-1'!G120+'Q-2'!G129) -> 0 | F21: =1.35*('G-1'!H102+'G-2'!H111)+1.5*('Q-1'!H120+'Q-2'!H129) -> 0 | G21: =1.35*('G-1'!I102+'G-2'!I111)+1.5*('Q-1'!I120+'Q-2'!I129) -> 0 | H21: =1.35*('G-1'!J102+'G-2'!J111)+1.5*('Q-1'!J120+'Q-2'!J129) -> -210.82538
A22: 5 | B22: 2.5 | C22: =1.35*('G-1'!E103+'G-2'!E112)+1.5*('Q-1'!E121+'Q-2'!E130) -> 0 | D22: =1.35*('G-1'!F103+'G-2'!F112)+1.5*('Q-1'!F121+'Q-2'!F130) -> -207.02595 | E22: =1.35*('G-1'!G103+'G-2'!G112)+1.5*('Q-1'!G121+'Q-2'!G130) -> 0 | F22: =1.35*('G-1'!H103+'G-2'!H112)+1.5*('Q-1'!H121+'Q-2'!H130) -> 0 | G22: =1.35*('G-1'!I103+'G-2'!I112)+1.5*('Q-1'!I121+'Q-2'!I130) -> 0 | H22: =1.35*('G-1'!J103+'G-2'!J112)+1.5*('Q-1'!J121+'Q-2'!J130) -> 40.04172
A23: 5 | B23: 3.75 | C23: =1.35*('G-1'!E104+'G-2'!E113)+1.5*('Q-1'!E122+'Q-2'!E131) -> 0 | D23: =1.35*('G-1'!F104+'G-2'!F113)+1.5*('Q-1'!F122+'Q-2'!F131) -> -122.4633 | E23: =1.35*('G-1'!G104+'G-2'!G113)+1.5*('Q-1'!G122+'Q-2'!G131) -> 0 | F23: =1.35*('G-1'!H104+'G-2'!H113)+1.5*('Q-1'!H122+'Q-2'!H131) -> 0 | G23: =1.35*('G-1'!I104+'G-2'!I113)+1.5*('Q-1'!I122+'Q-2'!I131) -> 0 | H23: =1.35*('G-1'!J104+'G-2'!J113)+1.5*('Q-1'!J122+'Q-2'!J131) -> 205.81566
A24: 5 | B24: 5 | C24: =1.35*('G-1'!E105+'G-2'!E114)+1.5*('Q-1'!E123+'Q-2'!E132) -> 0 | D24: =1.35*('G-1'!F105+'G-2'!F114)+1.5*('Q-1'!F123+'Q-2'!F132) -> -37.89915 | E24: =1.35*('G-1'!G105+'G-2'!G114)+1.5*('Q-1'!G123+'Q-2'!G132) -> 0 | F24: =1.35*('G-1'!H105+'G-2'!H114)+1.5*('Q-1'!H123+'Q-2'!H132) -> 0 | G24: =1.35*('G-1'!I105+'G-2'!I114)+1.5*('Q-1'!I123+'Q-2'!I132) -> 0 | H24: =1.35*('G-1'!J105+'G-2'!J114)+1.5*('Q-1'!J123+'Q-2'!J132) -> 286.49716
A25: 5 | B25: 6.25 | C25: =1.35*('G-1'!E106+'G-2'!E115)+1.5*('Q-1'!E124+'Q-2'!E133) -> 0 | D25: =1.35*('G-1'!F106+'G-2'!F115)+1.5*('Q-1'!F124+'Q-2'!F133) -> 46.66635 | E25: =1.35*('G-1'!G106+'G-2'!G115)+1.5*('Q-1'!G124+'Q-2'!G133) -> 0 | F25: =1.35*('G-1'!H106+'G-2'!H115)+1.5*('Q-1'!H124+'Q-2'!H133) -> 0 | G25: =1.35*('G-1'!I106+'G-2'!I115)+1.5*('Q-1'!I124+'Q-2'!I133) -> 0 | H25: =1.35*('G-1'!J106+'G-2'!J115)+1.5*('Q-1'!J124+'Q-2'!J133) -> 282.0858
A26: 5 | B26: 7.5 | C26: =1.35*('G-1'!E107+'G-2'!E116)+1.5*('Q-1'!E125+'Q-2'!E134) -> 0 | D26: =1.35*('G-1'!F107+'G-2'!F116)+1.5*('Q-1'!F125+'Q-2'!F134) -> 131.2305 | E26: =1.35*('G-1'!G107+'G-2'!G116)+1.5*('Q-1'!G125+'Q-2'!G134) -> 0 | F26: =1.35*('G-1'!H107+'G-2'!H116)+1.5*('Q-1'!H125+'Q-2'!H134) -> 0 | G26: =1.35*('G-1'!I107+'G-2'!I116)+1.5*('Q-1'!I125+'Q-2'!I134) -> 0 | H26: =1.35*('G-1'!J107+'G-2'!J116)+1.5*('Q-1'!J125+'Q-2'!J134) -> 192.58143
A27: 5 | B27: 8.75 | C27: =1.35*('G-1'!E108+'G-2'!E117)+1.5*('Q-1'!E126+'Q-2'!E135) -> 0 | D27: =1.35*('G-1'!F108+'G-2'!F117)+1.5*('Q-1'!F126+'Q-2'!F135) -> 215.79315 | E27: =1.35*('G-1'!G108+'G-2'!G117)+1.5*('Q-1'!G126+'Q-2'!G135) -> 0 | F27: =1.35*('G-1'!H108+'G-2'!H117)+1.5*('Q-1'!H126+'Q-2'!H135) -> 0 | G27: =1.35*('G-1'!I108+'G-2'!I117)+1.5*('Q-1'!I126+'Q-2'!I135) -> 0 | H27: =1.35*('G-1'!J108+'G-2'!J117)+1.5*('Q-1'!J126+'Q-2'!J135) -> 17.98461
A28: 5 | B28: 10 | C28: =1.35*('G-1'!E109+'G-2'!E118)+1.5*('Q-1'!E127+'Q-2'!E136) -> 0 | D28: =1.35*('G-1'!F109+'G-2'!F118)+1.5*('Q-1'!F127+'Q-2'!F136) -> 300.35865 | E28: =1.35*('G-1'!G109+'G-2'!G118)+1.5*('Q-1'!G127+'Q-2'!G136) -> 0 | F28: =1.35*('G-1'!H109+'G-2'!H118)+1.5*('Q-1'!H127+'Q-2'!H136) -> 0 | G28: =1.35*('G-1'!I109+'G-2'!I118)+1.5*('Q-1'!I127+'Q-2'!I136) -> 0 | H28: =1.35*('G-1'!J109+'G-2'!J118)+1.5*('Q-1'!J127+'Q-2'!J136) -> -241.70507

Sheet Δ-Ε
A1: Frame | B1: Station | C1: P | D1: V2 | E1: V3 | F1: T | G1: M2 | H1: M3
A2: 1 | B2: 0 | C2: =1.35*'G-1'!E5+'G-2'!E8+1.5*'Q-1'!E11 -> -311.6627 | D2: =1.35*'G-1'!F5+'G-2'!F8+1.5*'Q-1'!F11 -> -69.68875 | E2: =1.35*'G-1'!G5+'G-2'!G8+1.5*'Q-1'!G11 -> 0 | F2: =1.35*'G-1'!H5+'G-2'!H8+1.5*'Q-1'!H11 -> 0 | G2: =1.35*'G-1'!I5+'G-2'!I8+1.5*'Q-1'!I11 -> 0 | H2: =1.35*'G-1'!J5+'G-2'!J8+1.5*'Q-1'!J11 -> -109.43708
A3: 1 | B3: 3.25 | C3: =1.35*'G-1'!E6+'G-2'!E9+1.5*'Q-1'!E12 -> -311.6627 | D3: =1.35*'G-1'!F6+'G-2'!F9+1.5*'Q-1'!F12 -> -69.68875 | E3: =1.35*'G-1'!G6+'G-2'!G9+1.5*'Q-1'!G12 -> 0 | F3: =1.35*'G-1'!H6+'G-2'!H9+1.5*'Q-1'!H12 -> 0 | G3: =1.35*'G-1'!I6+'G-2'!I9+1.5*'Q-1'!I12 -> 0 | H3: =1.35*'G-1'!J6+'G-2'!J9+1.5*'Q-1'!J12 -> 71.75331
A4: 1 | B4: 6.5 | C4: =1.35*'G-1'!E7+'G-2'!E10+1.5*'Q-1'!E13 -> -311.6627 | D4: =1.35*'G-1'!F7+'G-2'!F10+1.5*'Q-1'!F13 -> -69.68875 | E4: =1.35*'G-1'!G7+'G-2'!G10+1.5*'Q-1'!G13 -> 0 | F4: =1.35*'G-1'!H7+'G-2'!H10+1.5*'Q-1'!H13 -> 0 | G4: =1.35*'G-1'!I7+'G-2'!I10+1.5*'Q-1'!I13 -> 0 | H4: =1.35*'G-1'!J7+'G-2'!J10+1.5*'Q-1'!J13 -> 252.94357
A5: 2 | B5: 0 | C5: =1.35*'G-1'!E20+'G-2'!E23+1.5*'Q-1'!E26 -> -554.7016 | D5: =1.35*'G-1'!F20+'G-2'!F23+1.5*'Q-1'!F26 -> 38.283 | E5: =1.35*'G-1'!G20+'G-2'!G23+1.5*'Q-1'!G26 -> 0 | F5: =1.35*'G-1'!H20+'G-2'!H23+1.5*'Q-1'!H26 -> 0 | G5: =1.35*'G-1'!I20+'G-2'!I23+1.5*'Q-1'!I26 -> 0 | H5: =1.35*'G-1'!J20+'G-2'!J23+1.5*'Q-1'!J26 -> 71.334685
A6: 2 | B6: 3.25 | C6: =1.35*'G-1'!E21+'G-2'!E24+1.5*'Q-1'!E27 -> -554.7016 | D6: =1.35*'G-1'!F21+'G-2'!F24+1.5*'Q-1'!F27 -> 38.283 | E6: =1.35*'G-1'!G21+'G-2'!G24+1.5*'Q-1'!G27 -> 0 | F6: =1.35*'G-1'!H21+'G-2'!H24+1.5*'Q-1'!H27 -> 0 | G6: =1.35*'G-1'!I21+'G-2'!I24+1.5*'Q-1'!I27 -> 0 | H6: =1.35*'G-1'!J21+'G-2'!J24+1.5*'Q-1'!J27 -> -28.2005
A7: 2 | B7: 6.5 | C7: =1.35*'G-1'!E22+'G-2'!E25+1.5*'Q-1'!E28 -> -554.7016 | D7: =1.35*'G-1'!F22+'G-2'!F25+1.5*'Q-1'!F28 -> 38.283 | E7: =1.35*'G-1'!G22+'G-2'!G25+1.5*'Q-1'!G28 -> 0 | F7: =1.35*'G-1'!H22+'G-2'!H25+1.5*'Q-1'!H28 -> 0 | G7: =1.35*'G-1'!I22+'G-2'!I25+1.5*'Q-1'!I28 -> 0 | H7: =1.35*'G-1'!J22+'G-2'!J25+1.5*'Q-1'!J28 -> -127.73572
A8: 3 | B8: 0 | C8: =1.35*'G-1'!E35+'G-2'!E38+1.5*'Q-1'!E41 -> -131.26495 | D8: =1.35*'G-1'!F35+'G-2'!F38+1.5*'Q-1'!F41 -> 31.40575 | E8: =1.35*'G-1'!G35+'G-2'!G38+1.5*'Q-1'!G41 -> 0 | F8: =1.35*'G-1'!H35+'G-2'!H38+1.5*'Q-1'!H41 -> 0 | G8: =1.35*'G-1'!I35+'G-2'!I38+1.5*'Q-1'!I41 -> 0 | H8: =1.35*'G-1'!J35+'G-2'!J38+1.5*'Q-1'!J41 -> 59.820855
A9: 3 | B9: 3.25 | C9: =1.35*'G-1'!E36+'G-2'!E39+1.5*'Q-1'!E42 -> -131.26495 | D9: =1.35*'G-1'!F36+'G-2'!F39+1.5*'Q-1'!F42 -> 31.40575 | E9: =1.35*'G-1'!G36+'G-2'!G39+1.5*'Q-1'!G42 -> 0 | F9: =1.35*'G-1'!H36+'G-2'!H39+1.5*'Q-1'!H42 -> 0 | G9: =1.35*'G-1'!I36+'G-2'!I39+1.5*'Q-1'!I42 -> 0 | H9: =1.35*'G-1'!J36+'G-2'!J39+1.5*'Q-1'!J42 -> -21.83432
A10: 3 | B10: 6.5 | C10: =1.35*'G-1'!E37+'G-2'!E40+1.5*'Q-1'!E43 -> -131.26495 | D10: =1.35*'G-1'!F37+'G-2'!F40+1.5*'Q-1'!F43 -> 31.40575 | E10: =1.35*'G-1'!G37+'G-2'!G40+1.5*'Q-1'!G43 -> 0 | F10: =1.35*'G-1'!H37+'G-2'!H40+1.5*'Q-1'!H43 -> 0 | G10: =1.35*'G-1'!I37+'G-2'!I40+1.5*'Q-1'!I43 -> 0 | H10: =1.35*'G-1'!J37+'G-2'!J40+1.5*'Q-1'!J43 -> -103.4894
A11: 4 | B11: 0 | C11: =1.35*'G-1'!E56+'G-2'!E65+1.5*'Q-1'!E74 -> 0 | D11: =1.35*'G-1'!F56+'G-2'!F65+1.5*'Q-1'!F74 -> -311.6627 | E11: =1.35*'G-1'!G56+'G-2'!G65+1.5*'Q-1'!G74 -> 0 | F11: =1.35*'G-1'!H56+'G-2'!H65+1.5*'Q-1'!H74 -> 0 | G11: =1.35*'G-1'!I56+'G-2'!I65+1.5*'Q-1'!I74 -> 0 | H11: =1.35*'G-1'!J56+'G-2'!J65+1.5*'Q-1'!J74 -> -252.94357
A12: 4 | B12: 1.25 | C12: =1.35*'G-1'!E57+'G-2'!E66+1.5*'Q-1'!E75 -> 0 | D12: =1.35*'G-1'!F57+'G-2'!F66+1.5*'Q-1'!F75 -> -227.0972 | E12: =1.35*'G-1'!G57+'G-2'!G66+1.5*'Q-1'!G75 -> 0 | F12: =1.35*'G-1'!H57+'G-2'!H66+1.5*'Q-1'!H75 -> 0 | G12: =1.35*'G-1'!I57+'G-2'!I66+1.5*'Q-1'!I75 -> 0 | H12: =1.35*'G-1'!J57+'G-2'!J66+1.5*'Q-1'!J75 -> 18.120405
A13: 4 | B13: 2.5 | C13: =1.35*'G-1'!E58+'G-2'!E67+1.5*'Q-1'!E76 -> 0 | D13: =1.35*'G-1'!F58+'G-2'!F67+1.5*'Q-1'!F76 -> -142.53455 | E13: =1.35*'G-1'!G58+'G-2'!G67+1.5*'Q-1'!G76 -> 0 | F13: =1.35*'G-1'!H58+'G-2'!H67+1.5*'Q-1'!H76 -> 0 | G13: =1.35*'G-1'!I58+'G-2'!I67+1.5*'Q-1'!I76 -> 0 | H13: =1.35*'G-1'!J58+'G-2'!J67+1.5*'Q-1'!J76 -> 204.09156
A14: 4 | B14: 3.75 | C14: =1.35*'G-1'!E59+'G-2'!E68+1.5*'Q-1'!E77 -> 0 | D14: =1.35*'G-1'!F59+'G-2'!F68+1.5*'Q-1'!F77 -> -57.9704 | E14: =1.35*'G-1'!G59+'G-2'!G68+1.5*'Q-1'!G77 -> 0 | F14: =1.35*'G-1'!H59+'G-2'!H68+1.5*'Q-1'!H77 -> 0 | G14: =1.35*'G-1'!I59+'G-2'!I68+1.5*'Q-1'!I77 -> 0 | H14: =1.35*'G-1'!J59+'G-2'!J68+1.5*'Q-1'!J77 -> 304.97023
A15: 4 | B15: 5 | C15: =1.35*'G-1'!E60+'G-2'!E69+1.5*'Q-1'!E78 -> 0 | D15: =1.35*'G-1'!F60+'G-2'!F69+1.5*'Q-1'!F78 -> 26.5951 | E15: =1.35*'G-1'!G60+'G-2'!G69+1.5*'Q-1'!G78 -> 0 | F15: =1.35*'G-1'!H60+'G-2'!H69+1.5*'Q-1'!H78 -> 0 | G15: =1.35*'G-1'!I60+'G-2'!I69+1.5*'Q-1'!I78 -> 0 | H15: =1.35*'G-1'!J60+'G-2'!J69+1.5*'Q-1'!J78 -> 320.7559
A16: 4 | B16: 6.25 | C16: =1.35*'G-1'!E61+'G-2'!E70+1.5*'Q-1'!E79 -> 0 | D16: =1.35*'G-1'!F61+'G-2'!F70+1.5*'Q-1'!F79 -> 111.15925 | E16: =1.35*'G-1'!G61+'G-2'!G70+1.5*'Q-1'!G79 -> 0 | F16: =1.35*'G-1'!H61+'G-2'!H70+1.5*'Q-1'!H79 -> 0 | G16: =1.35*'G-1'!I61+'G-2'!I70+1.5*'Q-1'!I79 -> 0 | H16: =1.35*'G-1'!J61+'G-2'!J70+1.5*'Q-1'!J79 -> 251.44873
A17: 4 | B17: 7.5 | C17: =1.35*'G-1'!E62+'G-2'!E71+1.5*'Q-1'!E80 -> 0 | D17: =1.35*'G-1'!F62+'G-2'!F71+1.5*'Q-1'!F80 -> 195.7219 | E17: =1.35*'G-1'!G62+'G-2'!G71+1.5*'Q-1'!G80 -> 0 | F17: =1.35*'G-1'!H62+'G-2'!H71+1.5*'Q-1'!H80 -> 0 | G17: =1.35*'G-1'!I62+'G-2'!I71+1.5*'Q-1'!I80 -> 0 | H17: =1.35*'G-1'!J62+'G-2'!J71+1.5*'Q-1'!J80 -> 97.049085
A18: 4 | B18: 8.75 | C18: =1.35*'G-1'!E63+'G-2'!E72+1.5*'Q-1'!E81 -> 0 | D18: =1.35*'G-1'!F63+'G-2'!F72+1.5*'Q-1'!F81 -> 280.28605 | E18: =1.35*'G-1'!G63+'G-2'!G72+1.5*'Q-1'!G81 -> 0 | F18: =1.35*'G-1'!H63+'G-2'!H72+1.5*'Q-1'!H81 -> 0 | G18: =1.35*'G-1'!I63+'G-2'!I72+1.5*'Q-1'!I81 -> 0 | H18: =1.35*'G-1'!J63+'G-2'!J72+1.5*'Q-1'!J81 -> -142.44368
A19: 4 | B19: 10 | C19: =1.35*'G-1'!E64+'G-2'!E73+1.5*'Q-1'!E82 -> 0 | D19: =1.35*'G-1'!F64+'G-2'!F73+1.5*'Q-1'!F82 -> 364.85155 | E19: =1.35*'G-1'!G64+'G-2'!G73+1.5*'Q-1'!G82 -> 0 | F19: =1.35*'G-1'!H64+'G-2'!H73+1.5*'Q-1'!H82 -> 0 | G19: =1.35*'G-1'!I64+'G-2'!I73+1.5*'Q-1'!I82 -> 0 | H19: =1.35*'G-1'!J64+'G-2'!J73+1.5*'Q-1'!J82 -> -467.02892
A20: 5 | B20: 0 | C20: =1.35*'G-1'!E101+'G-2'!E110+1.5*'Q-1'!E119 -> 0 | D20: =1.35*'G-1'!F101+'G-2'!F110+1.5*'Q-1'!F119 -> -189.85005 | E20: =1.35*'G-1'!G101+'G-2'!G110+1.5*'Q-1'!G119 -> 0 | F20: =1.35*'G-1'!H101+'G-2'!H110+1.5*'Q-1'!H119 -> 0 | G20: =1.35*'G-1'!I101+'G-2'!I110+1.5*'Q-1'!I119 -> 0 | H20: =1.35*'G-1'!J101+'G-2'!J110+1.5*'Q-1'!J119 -> -339.2932
A21: 5 | B21: 1.25 | C21: =1.35*'G-1'!E102+'G-2'!E111+1.5*'Q-1'!E120 -> 0 | D21: =1.35*'G-1'!F102+'G-2'!F111+1.5*'Q-1'!F120 -> -149.71005 | E21: =1.35*'G-1'!G102+'G-2'!G111+1.5*'Q-1'!G120 -> 0 | F21: =1.35*'G-1'!H102+'G-2'!H111+1.5*'Q-1'!H120 -> 0 | G21: =1.35*'G-1'!I102+'G-2'!I111+1.5*'Q-1'!I120 -> 0 | H21: =1.35*'G-1'!J102+'G-2'!J111+1.5*'Q-1'!J120 -> -168.4522
A22: 5 | B22: 2.5 | C22: =1.35*'G-1'!E103+'G-2'!E112+1.5*'Q-1'!E121 -> 0 | D22: =1.35*'G-1'!F103+'G-2'!F112+1.5*'Q-1'!F121 -> -109.57105 | E22: =1.35*'G-1'!G103+'G-2'!G112+1.5*'Q-1'!G121 -> 0 | F22: =1.35*'G-1'!H103+'G-2'!H112+1.5*'Q-1'!H121 -> 0 | G22: =1.35*'G-1'!I103+'G-2'!I112+1.5*'Q-1'!I121 -> 0 | H22: =1.35*'G-1'!J103+'G-2'!J112+1.5*'Q-1'!J121 -> -38.001165
A23: 5 | B23: 3.75 | C23: =1.35*'G-1'!E104+'G-2'!E113+1.5*'Q-1'!E122 -> 0 | D23: =1.35*'G-1'!F104+'G-2'!F113+1.5*'Q-1'!F122 -> -69.43205 | E23: =1.35*'G-1'!G104+'G-2'!G113+1.5*'Q-1'!G122 -> 0 | F23: =1.35*'G-1'!H104+'G-2'!H113+1.5*'Q-1'!H122 -> 0 | G23: =1.35*'G-1'!I104+'G-2'!I113+1.5*'Q-1'!I122 -> 0 | H23: =1.35*'G-1'!J104+'G-2'!J113+1.5*'Q-1'!J122 -> 52.059535
A24: 5 | B24: 5 | C24: =1.35*'G-1'!E105+'G-2'!E114+1.5*'Q-1'!E123 -> 0 | D24: =1.35*'G-1'!F105+'G-2'!F114+1.5*'Q-1'!F123 -> -29.29305 | E24: =1.35*'G-1'!G105+'G-2'!G114+1.5*'Q-1'!G123 -> 0 | F24: =1.35*'G-1'!H105+'G-2'!H114+1.5*'Q-1'!H123 -> 0 | G24: =1.35*'G-1'!I105+'G-2'!I114+1.5*'Q-1'!I123 -> 0 | H24: =1.35*'G-1'!J105+'G-2'!J114+1.5*'Q-1'!J123 -> 101.73017
A25: 5 | B25: 6.25 | C25: =1.35*'G-1'!E106+'G-2'!E115+1.5*'Q-1'!E124 -> 0 | D25: =1.35*'G-1'!F106+'G-2'!F115+1.5*'Q-1'!F124 -> 10.84695 | E25: =1.35*'G-1'!G106+'G-2'!G115+1.5*'Q-1'!G124 -> 0 | F25: =1.35*'G-1'!H106+'G-2'!H115+1.5*'Q-1'!H124 -> 0 | G25: =1.35*'G-1'!I106+'G-2'!I115+1.5*'Q-1'!I124 -> 0 | H25: =1.35*'G-1'!J106+'G-2'!J115+1.5*'Q-1'!J124 -> 111.01057
A26: 5 | B26: 7.5 | C26: =1.35*'G-1'!E107+'G-2'!E116+1.5*'Q-1'!E125 -> 0 | D26: =1.35*'G-1'!F107+'G-2'!F116+1.5*'Q-1'!F125 -> 50.98595 | E26: =1.35*'G-1'!G107+'G-2'!G116+1.5*'Q-1'!G125 -> 0 | F26: =1.35*'G-1'!H107+'G-2'!H116+1.5*'Q-1'!H125 -> 0 | G26: =1.35*'G-1'!I107+'G-2'!I116+1.5*'Q-1'!I125 -> 0 | H26: =1.35*'G-1'!J107+'G-2'!J116+1.5*'Q-1'!J125 -> 79.90067
A27: 5 | B27: 8.75 | C27: =1.35*'G-1'!E108+'G-2'!E117+1.5*'Q-1'!E126 -> 0 | D27: =1.35*'G-1'!F108+'G-2'!F117+1.5*'Q-1'!F126 -> 91.12495 | E27: =1.35*'G-1'!G108+'G-2'!G117+1.5*'Q-1'!G126 -> 0 | F27: =1.35*'G-1'!H108+'G-2'!H117+1.5*'Q-1'!H126 -> 0 | G27: =1.35*'G-1'!I108+'G-2'!I117+1.5*'Q-1'!I126 -> 0 | H27: =1.35*'G-1'!J108+'G-2'!J117+1.5*'Q-1'!J126 -> 8.400805
A28: 5 | B28: 10 | C28: =1.35*'G-1'!E109+'G-2'!E118+1.5*'Q-1'!E127 -> 0 | D28: =1.35*'G-1'!F109+'G-2'!F118+1.5*'Q-1'!F127 -> 131.26495 | E28: =1.35*'G-1'!G109+'G-2'!G118+1.5*'Q-1'!G127 -> 0 | F28: =1.35*'G-1'!H109+'G-2'!H118+1.5*'Q-1'!H127 -> 0 | G28: =1.35*'G-1'!I109+'G-2'!I118+1.5*'Q-1'!I127 -> 0 | H28: =1.35*'G-1'!J109+'G-2'!J118+1.5*'Q-1'!J127 -> -103.4894

Sheet Ε-Δ
A1: Frame | B1: Station | C1: P | D1: V2 | E1: V3 | F1: T | G1: M2 | H1: M3
A2: 1 | B2: 0 | C2: ='G-1'!E5+1.35*'G-2'!E8+1.5*'Q-2'!E14 -> -131.26495 | D2: ='G-1'!F5+1.35*'G-2'!F8+1.5*'Q-2'!F14 -> -31.40575 | E2: ='G-1'!G5+1.35*'G-2'!G8+1.5*'Q-2'!G14 -> 0 | F2: ='G-1'!H5+1.35*'G-2'!H8+1.5*'Q-2'!H14 -> 0 | G2: ='G-1'!I5+1.35*'G-2'!I8+1.5*'Q-2'!I14 -> 0 | H2: ='G-1'!J5+1.35*'G-2'!J8+1.5*'Q-2'!J14 -> -59.820855
A3: 1 | B3: 3.25 | C3: ='G-1'!E6+1.35*'G-2'!E9+1.5*'Q-2'!E15 -> -131.26495 | D3: ='G-1'!F6+1.35*'G-2'!F9+1.5*'Q-2'!F15 -> -31.40575 | E3: ='G-1'!G6+1.35*'G-2'!G9+1.5*'Q-2'!G15 -> 0 | F3: ='G-1'!H6+1.35*'G-2'!H9+1.5*'Q-2'!H15 -> 0 | G3: ='G-1'!I6+1.35*'G-2'!I9+1.5*'Q-2'!I15 -> 0 | H3: ='G-1'!J6+1.35*'G-2'!J9+1.5*'Q-2'!J15 -> 21.83432
A4: 1 | B4: 6.5 | C4: ='G-1'!E7+1.35*'G-2'!E10+1.5*'Q-2'!E16 -> -131.26495 | D4: ='G-1'!F7+1.35*'G-2'!F10+1.5*'Q-2'!F16 -> -31.40575 | E4: ='G-1'!G7+1.35*'G-2'!G10+1.5*'Q-2'!G16 -> 0 | F4: ='G-1'!H7+1.35*'G-2'!H10+1.5*'Q-2'!H16 -> 0 | G4: ='G-1'!I7+1.35*'G-2'!I10+1.5*'Q-2'!I16 -> 0 | H4: ='G-1'!J7+1.35*'G-2'!J10+1.5*'Q-2'!J16 -> 103.4894
A5: 2 | B5: 0 | C5: ='G-1'!E20+1.35*'G-2'!E23+1.5*'Q-2'!E29 -> -554.7016 | D5: ='G-1'!F20+1.35*'G-2'!F23+1.5*'Q-2'!F29 -> -38.283 | E5: ='G-1'!G20+1.35*'G-2'!G23+1.5*'Q-2'!G29 -> 0 | F5: ='G-1'!H20+1.35*'G-2'!H23+1.5*'Q-2'!H29 -> 0 | G5: ='G-1'!I20+1.35*'G-2'!I23+1.5*'Q-2'!I29 -> 0 | H5: ='G-1'!J20+1.35*'G-2'!J23+1.5*'Q-2'!J29 -> -71.334685
A6: 2 | B6: 3.25 | C6: ='G-1'!E21+1.35*'G-2'!E24+1.5*'Q-2'!E30 -> -554.7016 | D6: ='G-1'!F21+1.35*'G-2'!F24+1.5*'Q-2'!F30 -> -38.283 | E6: ='G-1'!G21+1.35*'G-2'!G24+1.5*'Q-2'!G30 -> 0 | F6: ='G-1'!H21+1.35*'G-2'!H24+1.5*'Q-2'!H30 -> 0 | G6: ='G-1'!I21+1.35*'G-2'!I24+1.5*'Q-2'!I30 -> 0 | H6: ='G-1'!J21+1.35*'G-2'!J24+1.5*'Q-2'!J30 -> 28.2005
A7: 2 | B7: 6.5 | C7: ='G-1'!E22+1.35*'G-2'!E25+1.5*'Q-2'!E31 -> -554.7016 | D7: ='G-1'!F22+1.35*'G-2'!F25+1.5*'Q-2'!F31 -> -38.283 | E7: ='G-1'!G22+1.35*'G-2'!G25+1.5*'Q-2'!G31 -> 0 | F7: ='G-1'!H22+1.35*'G-2'!H25+1.5*'Q-2'!H31 -> 0 | G7: ='G-1'!I22+1.35*'G-2'!I25+1.5*'Q-2'!I31 -> 0 | H7: ='G-1'!J22+1.35*'G-2'!J25+1.5*'Q-2'!J31 -> 127.73572
A8: 3 | B8: 0 | C8: ='G-1'!E35+1.35*'G-2'!E38+1.5*'Q-2'!E44 -> -311.6627 | D8: ='G-1'!F35+1.35*'G-2'!F38+1.5*'Q-2'!F44 -> 69.68875 | E8: ='G-1'!G35+1.35*'G-2'!G38+1.5*'Q-2'!G44 -> 0 | F8: ='G-1'!H35+1.35*'G-2'!H38+1.5*'Q-2'!H44 -> 0 | G8: ='G-1'!I35+1.35*'G-2'!I38+1.5*'Q-2'!I44 -> 0 | H8: ='G-1'!J35+1.35*'G-2'!J38+1.5*'Q-2'!J44 -> 109.43708
A9: 3 | B9: 3.25 | C9: ='G-1'!E36+1.35*'G-2'!E39+1.5*'Q-2'!E45 -> -311.6627 | D9: ='G-1'!F36+1.35*'G-2'!F39+1.5*'Q-2'!F45 -> 69.68875 | E9: ='G-1'!G36+1.35*'G-2'!G39+1.5*'Q-2'!G45 -> 0 | F9: ='G-1'!H36+1.35*'G-2'!H39+1.5*'Q-2'!H45 -> 0 | G9: ='G-1'!I36+1.35*'G-2'!I39+1.5*'Q-2'!I45 -> 0 | H9: ='G-1'!J36+1.35*'G-2'!J39+1.5*'Q-2'!J45 -> -71.75331
A10: 3 | B10: 6.5 | C10: ='G-1'!E37+1.35*'G-2'!E40+1.5*'Q-2'!E46 -> -311.6627 | D10: ='G-1'!F37+1.35*'G-2'!F40+1.5*'Q-2'!F46 -> 69.68875 | E10: ='G-1'!G37+1.35*'G-2'!G40+1.5*'Q-2'!G46 -> 0 | F10: ='G-1'!H37+1.35*'G-2'!H40+1.5*'Q-2'!H46 -> 0 | G10: ='G-1'!I37+1.35*'G-2'!I40+1.5*'Q-2'!I46 -> 0 | H10: ='G-1'!J37+1.35*'G-2'!J40+1.5*'Q-2'!J46 -> -252.94357
A11: 4 | B11: 0 | C11: ='G-1'!E56+1.35*'G-2'!E65+1.5*'Q-2'!E83 -> 0 | D11: ='G-1'!F56+1.35*'G-2'!F65+1.5*'Q-2'!F83 -> -131.26495 | E11: ='G-1'!G56+1.35*'G-2'!G65+1.5*'Q-2'!G83 -> 0 | F11: ='G-1'!H56+1.35*'G-2'!H65+1.5*'Q-2'!H83 -> 0 | G11: ='G-1'!I56+1.35*'G-2'!I65+1.5*'Q-2'!I83 -> 0 | H11: ='G-1'!J56+1.35*'G-2'!J65+1.5*'Q-2'!J83 -> -103.4894
A12: 4 | B12: 1.25 | C12: ='G-1'!E57+1.35*'G-2'!E66+1.5*'Q-2'!E84 -> 0 | D12: ='G-1'!F57+1.35*'G-2'!F66+1.5*'Q-2'!F84 -> -91.12495 | E12: ='G-1'!G57+1.35*'G-2'!G66+1.5*'Q-2'!G84 -> 0 | F12: ='G-1'!H57+1.35*'G-2'!H66+1.5*'Q-2'!H84 -> 0 | G12: ='G-1'!I57+1.35*'G-2'!I66+1.5*'Q-2'!I84 -> 0 | H12: ='G-1'!J57+1.35*'G-2'!J66+1.5*'Q-2'!J84 -> 8.400805
A13: 4 | B13: 2.5 | C13: ='G-1'!E58+1.35*'G-2'!E67+1.5*'Q-2'!E85 -> 0 | D13: ='G-1'!F58+1.35*'G-2'!F67+1.5*'Q-2'!F85 -> -50.98595 | E13: ='G-1'!G58+1.35*'G-2'!G67+1.5*'Q-2'!G85 -> 0 | F13: ='G-1'!H58+1.35*'G-2'!H67+1.5*'Q-2'!H85 -> 0 | G13: ='G-1'!I58+1.35*'G-2'!I67+1.5*'Q-2'!I85 -> 0 | H13: ='G-1'!J58+1.35*'G-2'!J67+1.5*'Q-2'!J85 -> 79.90067
A14: 4 | B14: 3.75 | C14: ='G-1'!E59+1.35*'G-2'!E68+1.5*'Q-2'!E86 -> 0 | D14: ='G-1'!F59+1.35*'G-2'!F68+1.5*'Q-2'!F86 -> -10.84695 | E14: ='G-1'!G59+1.35*'G-2'!G68+1.5*'Q-2'!G86 -> 0 | F14: ='G-1'!H59+1.35*'G-2'!H68+1.5*'Q-2'!H86 -> 0 | G14: ='G-1'!I59+1.35*'G-2'!I68+1.5*'Q-2'!I86 -> 0 | H14: ='G-1'!J59+1.35*'G-2'!J68+1.5*'Q-2'!J86 -> 111.01057
A15: 4 | B15: 5 | C15: ='G-1'!E60+1.35*'G-2'!E69+1.5*'Q-2'!E87 -> 0 | D15: ='G-1'!F60+1.35*'G-2'!F69+1.5*'Q-2'!F87 -> 29.29305 | E15: ='G-1'!G60+1.35*'G-2'!G69+1.5*'Q-2'!G87 -> 0 | F15: ='G-1'!H60+1.35*'G-2'!H69+1.5*'Q-2'!H87 -> 0 | G15: ='G-1'!I60+1.35*'G-2'!I69+1.5*'Q-2'!I87 -> 0 | H15: ='G-1'!J60+1.35*'G-2'!J69+1.5*'Q-2'!J87 -> 101.73017
A16: 4 | B16: 6.25 | C16: ='G-1'!E61+1.35*'G-2'!E70+1.5*'Q-2'!E88 -> 0 | D16: ='G-1'!F61+1.35*'G-2'!F70+1.5*'Q-2'!F88 -> 69.43205 | E16: ='G-1'!G61+1.35*'G-2'!G70+1.5*'Q-2'!G88 -> 0 | F16: ='G-1'!H61+1.35*'G-2'!H70+1.5*'Q-2'!H88 -> 0 | G16: ='G-1'!I61+1.35*'G-2'!I70+1.5*'Q-2'!I88 -> 0 | H16: ='G-1'!J61+1.35*'G-2'!J70+1.5*'Q-2'!J88 -> 52.059535
A17: 4 | B17: 7.5 | C17: ='G-1'!E62+1.35*'G-2'!E71+1.5*'Q-2'!E89 -> 0 | D17: ='G-1'!F62+1.35*'G-2'!F71+1.5*'Q-2'!F89 -> 109.57105 | E17: ='G-1'!G62+1.35*'G-2'!G71+1.5*'Q-2'!G89 -> 0 | F17: ='G-1'!H62+1.35*'G-2'!H71+1.5*'Q-2'!H89 -> 0 | G17: ='G-1'!I62+1.35*'G-2'!I71+1.5*'Q-2'!I89 -> 0 | H17: ='G-1'!J62+1.35*'G-2'!J71+1.5*'Q-2'!J89 -> -38.001165
A18: 4 | B18: 8.75 | C18: ='G-1'!E63+1.35*'G-2'!E72+1.5*'Q-2'!E90 -> 0 | D18: ='G-1'!F63+1.35*'G-2'!F72+1.5*'Q-2'!F90 -> 149.71005 | E18: ='G-1'!G63+1.35*'G-2'!G72+1.5*'Q-2'!G90 -> 0 | F18: ='G-1'!H63+1.35*'G-2'!H72+1.5*'Q-2'!H90 -> 0 | G18: ='G-1'!I63+1.35*'G-2'!I72+1.5*'Q-2'!I90 -> 0 | H18: ='G-1'!J63+1.35*'G-2'!J72+1.5*'Q-2'!J90 -> -168.4522
A19: 4 | B19: 10 | C19: ='G-1'!E64+1.35*'G-2'!E73+1.5*'Q-2'!E91 -> 0 | D19: ='G-1'!F64+1.35*'G-2'!F73+1.5*'Q-2'!F91 -> 189.85005 | E19: ='G-1'!G64+1.35*'G-2'!G73+1.5*'Q-2'!G91 -> 0 | F19: ='G-1'!H64+1.35*'G-2'!H73+1.5*'Q-2'!H91 -> 0 | G19: ='G-1'!I64+1.35*'G-2'!I73+1.5*'Q-2'!I91 -> 0 | H19: ='G-1'!J64+1.35*'G-2'!J73+1.5*'Q-2'!J91 -> -339.2932
A20: 5 | B20: 0 | C20: ='G-1'!E101+1.35*'G-2'!E110+1.5*'Q-2'!E128 -> 0 | D20: ='G-1'!F101+1.35*'G-2'!F110+1.5*'Q-2'!F128 -> -364.85155 | E20: ='G-1'!G101+1.35*'G-2'!G110+1.5*'Q-2'!G128 -> 0 | F20: ='G-1'!H101+1.35*'G-2'!H110+1.5*'Q-2'!H128 -> 0 | G20: ='G-1'!I101+1.35*'G-2'!I110+1.5*'Q-2'!I128 -> 0 | H20: ='G-1'!J101+1.35*'G-2'!J110+1.5*'Q-2'!J128 -> -467.02892
A21: 5 | B21: 1.25 | C21: ='G-1'!E102+1.35*'G-2'!E111+1.5*'Q-2'!E129 -> 0 | D21: ='G-1'!F102+1.35*'G-2'!F111+1.5*'Q-2'!F129 -> -280.28605 | E21: ='G-1'!G102+1.35*'G-2'!G111+1.5*'Q-2'!G129 -> 0 | F21: ='G-1'!H102+1.35*'G-2'!H111+1.5*'Q-2'!H129 -> 0 | G21: ='G-1'!I102+1.35*'G-2'!I111+1.5*'Q-2'!I129 -> 0 | H21: ='G-1'!J102+1.35*'G-2'!J111+1.5*'Q-2'!J129 -> -142.44368
A22: 5 | B22: 2.5 | C22: ='G-1'!E103+1.35*'G-2'!E112+1.5*'Q-2'!E130 -> 0 | D22: ='G-1'!F103+1.35*'G-2'!F112+1.5*'Q-2'!F130 -> -195.7219 | E22: ='G-1'!G103+1.35*'G-2'!G112+1.5*'Q-2'!G130 -> 0 | F22: ='G-1'!H103+1.35*'G-2'!H112+1.5*'Q-2'!H130 -> 0 | G22: ='G-1'!I103+1.35*'G-2'!I112+1.5*'Q-2'!I130 -> 0 | H22: ='G-1'!J103+1.35*'G-2'!J112+1.5*'Q-2'!J130 -> 97.049085
A23: 5 | B23: 3.75 | C23: ='G-1'!E104+1.35*'G-2'!E113+1.5*'Q-2'!E131 -> 0 | D23: ='G-1'!F104+1.35*'G-2'!F113+1.5*'Q-2'!F131 -> -111.15925 | E23: ='G-1'!G104+1.35*'G-2'!G113+1.5*'Q-2'!G131 -> 0 | F23: ='G-1'!H104+1.35*'G-2'!H113+1.5*'Q-2'!H131 -> 0 | G23: ='G-1'!I104+1.35*'G-2'!I113+1.5*'Q-2'!I131 -> 0 | H23: ='G-1'!J104+1.35*'G-2'!J113+1.5*'Q-2'!J131 -> 251.44873
A24: 5 | B24: 5 | C24: ='G-1'!E105+1.35*'G-2'!E114+1.5*'Q-2'!E132 -> 0 | D24: ='G-1'!F105+1.35*'G-2'!F114+1.5*'Q-2'!F132 -> -26.5951 | E24: ='G-1'!G105+1.35*'G-2'!G114+1.5*'Q-2'!G132 -> 0 | F24: ='G-1'!H105+1.35*'G-2'!H114+1.5*'Q-2'!H132 -> 0 | G24: ='G-1'!I105+1.35*'G-2'!I114+1.5*'Q-2'!I132 -> 0 | H24: ='G-1'!J105+1.35*'G-2'!J114+1.5*'Q-2'!J132 -> 320.7559
A25: 5 | B25: 6.25 | C25: ='G-1'!E106+1.35*'G-2'!E115+1.5*'Q-2'!E133 -> 0 | D25: ='G-1'!F106+1.35*'G-2'!F115+1.5*'Q-2'!F133 -> 57.9704 | E25: ='G-1'!G106+1.35*'G-2'!G115+1.5*'Q-2'!G133 -> 0 | F25: ='G-1'!H106+1.35*'G-2'!H115+1.5*'Q-2'!H133 -> 0 | G25: ='G-1'!I106+1.35*'G-2'!I115+1.5*'Q-2'!I133 -> 0 | H25: ='G-1'!J106+1.35*'G-2'!J115+1.5*'Q-2'!J133 -> 304.97023
A26: 5 | B26: 7.5 | C26: ='G-1'!E107+1.35*'G-2'!E116+1.5*'Q-2'!E134 -> 0 | D26: ='G-1'!F107+1.35*'G-2'!F116+1.5*'Q-2'!F134 -> 142.53455 | E26: ='G-1'!G107+1.35*'G-2'!G116+1.5*'Q-2'!G134 -> 0 | F26: ='G-1'!H107+1.35*'G-2'!H116+1.5*'Q-2'!H134 -> 0 | G26: ='G-1'!I107+1.35*'G-2'!I116+1.5*'Q-2'!I134 -> 0 | H26: ='G-1'!J107+1.35*'G-2'!J116+1.5*'Q-2'!J134 -> 204.09156
A27: 5 | B27: 8.75 | C27: ='G-1'!E108+1.35*'G-2'!E117+1.5*'Q-2'!E135 -> 0 | D27: ='G-1'!F108+1.35*'G-2'!F117+1.5*'Q-2'!F135 -> 227.0972 | E27: ='G-1'!G108+1.35*'G-2'!G117+1.5*'Q-2'!G135 -> 0 | F27: ='G-1'!H108+1.35*'G-2'!H117+1.5*'Q-2'!H135 -> 0 | G27: ='G-1'!I108+1.35*'G-2'!I117+1.5*'Q-2'!I135 -> 0 | H27: ='G-1'!J108+1.35*'G-2'!J117+1.5*'Q-2'!J135 -> 18.120405
A28: 5 | B28: 10 | C28: ='G-1'!E109+1.35*'G-2'!E118+1.5*'Q-2'!E136 -> 0 | D28: ='G-1'!F109+1.35*'G-2'!F118+1.5*'Q-2'!F136 -> 311.6627 | E28: ='G-1'!G109+1.35*'G-2'!G118+1.5*'Q-2'!G136 -> 0 | F28: ='G-1'!H109+1.35*'G-2'!H118+1.5*'Q-2'!H136 -> 0 | G28: ='G-1'!I109+1.35*'G-2'!I118+1.5*'Q-2'!I136 -> 0 | H28: ='G-1'!J109+1.35*'G-2'!J118+1.5*'Q-2'!J136 -> -252.94357

Sheet EQ+
A1: Frame | B1: Station | C1: P | D1: V2 | E1: V3 | F1: T | G1: M2 | H1: M3
A2: 1 | B2: 0 | C2: ='G-1'!E5+'G-2'!E8+0.3*('Q-1'!E11+'Q-2'!E14)+EX!E2 -> -145.4531 | D2: ='G-1'!F5+'G-2'!F8+0.3*('Q-1'!F11+'Q-2'!F14)+EX!F2 -> 3.2589 | E2: ='G-1'!G5+'G-2'!G8+0.3*('Q-1'!G11+'Q-2'!G14)+EX!G2 -> 0 | F2: ='G-1'!H5+'G-2'!H8+0.3*('Q-1'!H11+'Q-2'!H14)+EX!H2 -> 0 | G2: ='G-1'!I5+'G-2'!I8+0.3*('Q-1'!I11+'Q-2'!I14)+EX!I2 -> 0 | H2: ='G-1'!J5+'G-2'!J8+0.3*('Q-1'!J11+'Q-2'!J14)+EX!J2 -> 63.1337
A3: 1 | B3: 3.25 | C3: ='G-1'!E6+'G-2'!E9+0.3*('Q-1'!E12+'Q-2'!E15)+EX!E3 -> -145.4531 | D3: ='G-1'!F6+'G-2'!F9+0.3*('Q-1'!F12+'Q-2'!F15)+EX!F3 -> 3.2589 | E3: ='G-1'!G6+'G-2'!G9+0.3*('Q-1'!G12+'Q-2'!G15)+EX!G3 -> 0 | F3: ='G-1'!H6+'G-2'!H9+0.3*('Q-1'!H12+'Q-2'!H15)+EX!H3 -> 0 | G3: ='G-1'!I6+'G-2'!I9+0.3*('Q-1'!I12+'Q-2'!I15)+EX!I3 -> 0 | H3: ='G-1'!J6+'G-2'!J9+0.3*('Q-1'!J12+'Q-2'!J15)+EX!J3 -> 54.66074
A4: 1 | B4: 6.5 | C4: ='G-1'!E7+'G-2'!E10+0.3*('Q-1'!E13+'Q-2'!E16)+EX!E4 -> -145.4531 | D4: ='G-1'!F7+'G-2'!F10+0.3*('Q-1'!F13+'Q-2'!F16)+EX!F4 -> 3.2589 | E4: ='G-1'!G7+'G-2'!G10+0.3*('Q-1'!G13+'Q-2'!G16)+EX!G4 -> 0 | F4: ='G-1'!H7+'G-2'!H10+0.3*('Q-1'!H13+'Q-2'!H16)+EX!H4 -> 0 | G4: ='G-1'!I7+'G-2'!I10+0.3*('Q-1'!I13+'Q-2'!I16)+EX!I4 -> 0 | H4: ='G-1'!J7+'G-2'!J10+0.3*('Q-1'!J13+'Q-2'!J16)+EX!J4 -> 46.18758
A5: 2 | B5: 0 | C5: ='G-1'!E20+'G-2'!E23+0.3*('Q-1'!E26+'Q-2'!E29)+EX!E17 -> -411.1394 | D5: ='G-1'!F20+'G-2'!F23+0.3*('Q-1'!F26+'Q-2'!F29)+EX!F17 -> 52.992 | E5: ='G-1'!G20+'G-2'!G23+0.3*('Q-1'!G26+'Q-2'!G29)+EX!G17 -> 0 | F5: ='G-1'!H20+'G-2'!H23+0.3*('Q-1'!H26+'Q-2'!H29)+EX!H17 -> 0 | G5: ='G-1'!I20+'G-2'!I23+0.3*('Q-1'!I26+'Q-2'!I29)+EX!I17 -> 0 | H5: ='G-1'!J20+'G-2'!J23+0.3*('Q-1'!J26+'Q-2'!J29)+EX!J17 -> 146.3998
A6: 2 | B6: 3.25 | C6: ='G-1'!E21+'G-2'!E24+0.3*('Q-1'!E27+'Q-2'!E30)+EX!E18 -> -411.1394 | D6: ='G-1'!F21+'G-2'!F24+0.3*('Q-1'!F27+'Q-2'!F30)+EX!F18 -> 52.992 | E6: ='G-1'!G21+'G-2'!G24+0.3*('Q-1'!G27+'Q-2'!G30)+EX!G18 -> 0 | F6: ='G-1'!H21+'G-2'!H24+0.3*('Q-1'!H27+'Q-2'!H30)+EX!H18 -> 0 | G6: ='G-1'!I21+'G-2'!I24+0.3*('Q-1'!I27+'Q-2'!I30)+EX!I18 -> 0 | H6: ='G-1'!J21+'G-2'!J24+0.3*('Q-1'!J27+'Q-2'!J30)+EX!J18 -> 8.6205
A7: 2 | B7: 6.5 | C7: ='G-1'!E22+'G-2'!E25+0.3*('Q-1'!E28+'Q-2'!E31)+EX!E19 -> -411.1394 | D7: ='G-1'!F22+'G-2'!F25+0.3*('Q-1'!F28+'Q-2'!F31)+EX!F19 -> 52.992 | E7: ='G-1'!G22+'G-2'!G25+0.3*('Q-1'!G28+'Q-2'!G31)+EX!G19 -> 0 | F7: ='G-1'!H22+'G-2'!H25+0.3*('Q-1'!H28+'Q-2'!H31)+EX!H19 -> 0 | G7: ='G-1'!I22+'G-2'!I25+0.3*('Q-1'!I28+'Q-2'!I31)+EX!I19 -> 0 | H7: ='G-1'!J22+'G-2'!J25+0.3*('Q-1'!J28+'Q-2'!J31)+EX!J19 -> -129.1589
A8: 3 | B8: 0 | C8: ='G-1'!E35+'G-2'!E38+0.3*('Q-1'!E41+'Q-2'!E44)+EX!E32 -> -182.8411 | D8: ='G-1'!F35+'G-2'!F38+0.3*('Q-1'!F41+'Q-2'!F44)+EX!F32 -> 78.1891 | E8: ='G-1'!G35+'G-2'!G38+0.3*('Q-1'!G41+'Q-2'!G44)+EX!G32 -> 0 | F8: ='G-1'!H35+'G-2'!H38+0.3*('Q-1'!H41+'Q-2'!H44)+EX!H32 -> 0 | G8: ='G-1'!I35+'G-2'!I38+0.3*('Q-1'!I41+'Q-2'!I44)+EX!I32 -> 0 | H8: ='G-1'!J35+'G-2'!J38+0.3*('Q-1'!J41+'Q-2'!J44)+EX!J32 -> 188.5861
A9: 3 | B9: 3.25 | C9: ='G-1'!E36+'G-2'!E39+0.3*('Q-1'!E42+'Q-2'!E45)+EX!E33 -> -182.8411 | D9: ='G-1'!F36+'G-2'!F39+0.3*('Q-1'!F42+'Q-2'!F45)+EX!F33 -> 78.1891 | E9: ='G-1'!G36+'G-2'!G39+0.3*('Q-1'!G42+'Q-2'!G45)+EX!G33 -> 0 | F9: ='G-1'!H36+'G-2'!H39+0.3*('Q-1'!H42+'Q-2'!H45)+EX!H33 -> 0 | G9: ='G-1'!I36+'G-2'!I39+0.3*('Q-1'!I42+'Q-2'!I45)+EX!I33 -> 0 | H9: ='G-1'!J36+'G-2'!J39+0.3*('Q-1'!J42+'Q-2'!J45)+EX!J33 -> -14.70554
A10: 3 | B10: 6.5 | C10: ='G-1'!E37+'G-2'!E40+0.3*('Q-1'!E43+'Q-2'!E46)+EX!E34 -> -182.8411 | D10: ='G-1'!F37+'G-2'!F40+0.3*('Q-1'!F43+'Q-2'!F46)+EX!F34 -> 78.1891 | E10: ='G-1'!G37+'G-2'!G40+0.3*('Q-1'!G43+'Q-2'!G46)+EX!G34 -> 0 | F10: ='G-1'!H37+'G-2'!H40+0.3*('Q-1'!H43+'Q-2'!H46)+EX!H34 -> 0 | G10: ='G-1'!I37+'G-2'!I40+0.3*('Q-1'!I43+'Q-2'!I46)+EX!I34 -> 0 | H10: ='G-1'!J37+'G-2'!J40+0.3*('Q-1'!J43+'Q-2'!J46)+EX!J34 -> -217.99718
A11: 4 | B11: 0 | C11: ='G-1'!E56+'G-2'!E65+0.3*('Q-1'!E74+'Q-2'!E83)+EX!E47 -> 0 | D11: ='G-1'!F56+'G-2'!F65+0.3*('Q-1'!F74+'Q-2'!F83)+EX!F47 -> -145.4531 | E11: ='G-1'!G56+'G-2'!G65+0.3*('Q-1'!G74+'Q-2'!G83)+EX!G47 -> 0 | F11: ='G-1'!H56+'G-2'!H65+0.3*('Q-1'!H74+'Q-2'!H83)+EX!H47 -> 0 | G11: ='G-1'!I56+'G-2'!I65+0.3*('Q-1'!I74+'Q-2'!I83)+EX!I47 -> 0 | H11: ='G-1'!J56+'G-2'!J65+0.3*('Q-1'!J74+'Q-2'!J83)+EX!J47 -> -46.18758
A12: 4 | B12: 1.25 | C12: ='G-1'!E57+'G-2'!E66+0.3*('Q-1'!E75+'Q-2'!E84)+EX!E48 -> 0 | D12: ='G-1'!F57+'G-2'!F66+0.3*('Q-1'!F75+'Q-2'!F84)+EX!F48 -> -99.2378 | E12: ='G-1'!G57+'G-2'!G66+0.3*('Q-1'!G75+'Q-2'!G84)+EX!G48 -> 0 | F12: ='G-1'!H57+'G-2'!H66+0.3*('Q-1'!H75+'Q-2'!H84)+EX!H48 -> 0 | G12: ='G-1'!I57+'G-2'!I66+0.3*('Q-1'!I75+'Q-2'!I84)+EX!I48 -> 0 | H12: ='G-1'!J57+'G-2'!J66+0.3*('Q-1'!J75+'Q-2'!J84)+EX!J48 -> 76.92284
A13: 4 | B13: 2.5 | C13: ='G-1'!E58+'G-2'!E67+0.3*('Q-1'!E76+'Q-2'!E85)+EX!E49 -> 0 | D13: ='G-1'!F58+'G-2'!F67+0.3*('Q-1'!F76+'Q-2'!F85)+EX!F49 -> -53.0238 | E13: ='G-1'!G58+'G-2'!G67+0.3*('Q-1'!G76+'Q-2'!G85)+EX!G49 -> 0 | F13: ='G-1'!H58+'G-2'!H67+0.3*('Q-1'!H76+'Q-2'!H85)+EX!H49 -> 0 | G13: ='G-1'!I58+'G-2'!I67+0.3*('Q-1'!I76+'Q-2'!I85)+EX!I49 -> 0 | H13: ='G-1'!J58+'G-2'!J67+0.3*('Q-1'!J76+'Q-2'!J85)+EX!J49 -> 153.52987
A14: 4 | B14: 3.75 | C14: ='G-1'!E59+'G-2'!E68+0.3*('Q-1'!E77+'Q-2'!E86)+EX!E50 -> 0 | D14: ='G-1'!F59+'G-2'!F68+0.3*('Q-1'!F77+'Q-2'!F86)+EX!F50 -> -6.8095 | E14: ='G-1'!G59+'G-2'!G68+0.3*('Q-1'!G77+'Q-2'!G86)+EX!G50 -> 0 | F14: ='G-1'!H59+'G-2'!H68+0.3*('Q-1'!H77+'Q-2'!H86)+EX!H50 -> 0 | G14: ='G-1'!I59+'G-2'!I68+0.3*('Q-1'!I77+'Q-2'!I86)+EX!I50 -> 0 | H14: ='G-1'!J59+'G-2'!J68+0.3*('Q-1'!J77+'Q-2'!J86)+EX!J50 -> 183.63371
A15: 4 | B15: 5 | C15: ='G-1'!E60+'G-2'!E69+0.3*('Q-1'!E78+'Q-2'!E87)+EX!E51 -> 0 | D15: ='G-1'!F60+'G-2'!F69+0.3*('Q-1'!F78+'Q-2'!F87)+EX!F51 -> 39.4058 | E15: ='G-1'!G60+'G-2'!G69+0.3*('Q-1'!G78+'Q-2'!G87)+EX!G51 -> 0 | F15: ='G-1'!H60+'G-2'!H69+0.3*('Q-1'!H78+'Q-2'!H87)+EX!H51 -> 0 | G15: ='G-1'!I60+'G-2'!I69+0.3*('Q-1'!I78+'Q-2'!I87)+EX!I51 -> 0 | H15: ='G-1'!J60+'G-2'!J69+0.3*('Q-1'!J78+'Q-2'!J87)+EX!J51 -> 167.23393
A16: 4 | B16: 6.25 | C16: ='G-1'!E61+'G-2'!E70+0.3*('Q-1'!E79+'Q-2'!E88)+EX!E52 -> 0 | D16: ='G-1'!F61+'G-2'!F70+0.3*('Q-1'!F79+'Q-2'!F88)+EX!F52 -> 85.6201 | E16: ='G-1'!G61+'G-2'!G70+0.3*('Q-1'!G79+'Q-2'!G88)+EX!G52 -> 0 | F16: ='G-1'!H61+'G-2'!H70+0.3*('Q-1'!H79+'Q-2'!H88)+EX!H52 -> 0 | G16: ='G-1'!I61+'G-2'!I70+0.3*('Q-1'!I79+'Q-2'!I88)+EX!I52 -> 0 | H16: ='G-1'!J61+'G-2'!J70+0.3*('Q-1'!J79+'Q-2'!J88)+EX!J52 -> 104.33083
A17: 4 | B17: 7.5 | C17: ='G-1'!E62+'G-2'!E71+0.3*('Q-1'!E80+'Q-2'!E89)+EX!E53 -> 0 | D17: ='G-1'!F62+'G-2'!F71+0.3*('Q-1'!F80+'Q-2'!F89)+EX!F53 -> 131.8341 | E17: ='G-1'!G62+'G-2'!G71+0.3*('Q-1'!G80+'Q-2'!G89)+EX!G53 -> 0 | F17: ='G-1'!H62+'G-2'!H71+0.3*('Q-1'!H80+'Q-2'!H89)+EX!H53 -> 0 | G17: ='G-1'!I62+'G-2'!I71+0.3*('Q-1'!I80+'Q-2'!I89)+EX!I53 -> 0 | H17: ='G-1'!J62+'G-2'!J71+0.3*('Q-1'!J80+'Q-2'!J89)+EX!J53 -> -5.07553
A18: 4 | B18: 8.75 | C18: ='G-1'!E63+'G-2'!E72+0.3*('Q-1'!E81+'Q-2'!E90)+EX!E54 -> 0 | D18: ='G-1'!F63+'G-2'!F72+0.3*('Q-1'!F81+'Q-2'!F90)+EX!F54 -> 178.0484 | E18: ='G-1'!G63+'G-2'!G72+0.3*('Q-1'!G81+'Q-2'!G90)+EX!G54 -> 0 | F18: ='G-1'!H63+'G-2'!H72+0.3*('Q-1'!H81+'Q-2'!H90)+EX!H54 -> 0 | G18: ='G-1'!I63+'G-2'!I72+0.3*('Q-1'!I81+'Q-2'!I90)+EX!I54 -> 0 | H18: ='G-1'!J63+'G-2'!J72+0.3*('Q-1'!J81+'Q-2'!J90)+EX!J54 -> -160.98544
A19: 4 | B19: 10 | C19: ='G-1'!E64+'G-2'!E73+0.3*('Q-1'!E82+'Q-2'!E91)+EX!E55 -> 0 | D19: ='G-1'!F64+'G-2'!F73+0.3*('Q-1'!F82+'Q-2'!F91)+EX!F55 -> 224.2637 | E19: ='G-1'!G64+'G-2'!G73+0.3*('Q-1'!G82+'Q-2'!G91)+EX!G55 -> 0 | F19: ='G-1'!H64+'G-2'!H73+0.3*('Q-1'!H82+'Q-2'!H91)+EX!H55 -> 0 | G19: ='G-1'!I64+'G-2'!I73+0.3*('Q-1'!I82+'Q-2'!I91)+EX!I55 -> 0 | H19: ='G-1'!J64+'G-2'!J73+0.3*('Q-1'!J82+'Q-2'!J91)+EX!J55 -> -363.39864
A20: 5 | B20: 0 | C20: ='G-1'!E101+'G-2'!E110+0.3*('Q-1'!E119+'Q-2'!E128)+EX!E92 -> 0 | D20: ='G-1'!F101+'G-2'!F110+0.3*('Q-1'!F119+'Q-2'!F128)+EX!F92 -> -186.8757 | E20: ='G-1'!G101+'G-2'!G110+0.3*('Q-1'!G119+'Q-2'!G128)+EX!G92 -> 0 | F20: ='G-1'!H101+'G-2'!H110+0.3*('Q-1'!H119+'Q-2'!H128)+EX!H92 -> 0 | G20: ='G-1'!I101+'G-2'!I110+0.3*('Q-1'!I119+'Q-2'!I128)+EX!I92 -> 0 | H20: ='G-1'!J101+'G-2'!J110+0.3*('Q-1'!J119+'Q-2'!J128)+EX!J92 -> -234.23964
A21: 5 | B21: 1.25 | C21: ='G-1'!E102+'G-2'!E111+0.3*('Q-1'!E120+'Q-2'!E129)+EX!E93 -> 0 | D21: ='G-1'!F102+'G-2'!F111+0.3*('Q-1'!F120+'Q-2'!F129)+EX!F93 -> -140.6604 | E21: ='G-1'!G102+'G-2'!G111+0.3*('Q-1'!G120+'Q-2'!G129)+EX!G93 -> 0 | F21: ='G-1'!H102+'G-2'!H111+0.3*('Q-1'!H120+'Q-2'!H129)+EX!H93 -> 0 | G21: ='G-1'!I102+'G-2'!I111+0.3*('Q-1'!I120+'Q-2'!I129)+EX!I93 -> 0 | H21: ='G-1'!J102+'G-2'!J111+0.3*('Q-1'!J120+'Q-2'!J129)+EX!J93 -> -69.44764
A22: 5 | B22: 2.5 | C22: ='G-1'!E103+'G-2'!E112+0.3*('Q-1'!E121+'Q-2'!E130)+EX!E94 -> 0 | D22: ='G-1'!F103+'G-2'!F112+0.3*('Q-1'!F121+'Q-2'!F130)+EX!F94 -> -94.4461 | E22: ='G-1'!G103+'G-2'!G112+0.3*('Q-1'!G121+'Q-2'!G130)+EX!G94 -> 0 | F22: ='G-1'!H103+'G-2'!H112+0.3*('Q-1'!H121+'Q-2'!H130)+EX!H94 -> 0 | G22: ='G-1'!I103+'G-2'!I112+0.3*('Q-1'!I121+'Q-2'!I130)+EX!I94 -> 0 | H22: ='G-1'!J103+'G-2'!J112+0.3*('Q-1'!J121+'Q-2'!J130)+EX!J94 -> 48.84127
A23: 5 | B23: 3.75 | C23: ='G-1'!E104+'G-2'!E113+0.3*('Q-1'!E122+'Q-2'!E131)+EX!E95 -> 0 | D23: ='G-1'!F104+'G-2'!F113+0.3*('Q-1'!F122+'Q-2'!F131)+EX!F95 -> -48.2321 | E23: ='G-1'!G104+'G-2'!G113+0.3*('Q-1'!G122+'Q-2'!G131)+EX!G95 -> 0 | F23: ='G-1'!H104+'G-2'!H113+0.3*('Q-1'!H122+'Q-2'!H131)+EX!H95 -> 0 | G23: ='G-1'!I104+'G-2'!I113+0.3*('Q-1'!I122+'Q-2'!I131)+EX!I95 -> 0 | H23: ='G-1'!J104+'G-2'!J113+0.3*('Q-1'!J122+'Q-2'!J131)+EX!J95 -> 120.62663
A24: 5 | B24: 5 | C24: ='G-1'!E105+'G-2'!E114+0.3*('Q-1'!E123+'Q-2'!E132)+EX!E96 -> 0 | D24: ='G-1'!F105+'G-2'!F114+0.3*('Q-1'!F123+'Q-2'!F132)+EX!F96 -> -2.0178 | E24: ='G-1'!G105+'G-2'!G114+0.3*('Q-1'!G123+'Q-2'!G132)+EX!G96 -> 0 | F24: ='G-1'!H105+'G-2'!H114+0.3*('Q-1'!H123+'Q-2'!H132)+EX!H96 -> 0 | G24: ='G-1'!I105+'G-2'!I114+0.3*('Q-1'!I123+'Q-2'!I132)+EX!I96 -> 0 | H24: ='G-1'!J105+'G-2'!J114+0.3*('Q-1'!J123+'Q-2'!J132)+EX!J96 -> 145.90873
A25: 5 | B25: 6.25 | C25: ='G-1'!E106+'G-2'!E115+0.3*('Q-1'!E124+'Q-2'!E133)+EX!E97 -> 0 | D25: ='G-1'!F106+'G-2'!F115+0.3*('Q-1'!F124+'Q-2'!F133)+EX!F97 -> 44.1975 | E25: ='G-1'!G106+'G-2'!G115+0.3*('Q-1'!G124+'Q-2'!G133)+EX!G97 -> 0 | F25: ='G-1'!H106+'G-2'!H115+0.3*('Q-1'!H124+'Q-2'!H133)+EX!H97 -> 0 | G25: ='G-1'!I106+'G-2'!I115+0.3*('Q-1'!I124+'Q-2'!I133)+EX!I97 -> 0 | H25: ='G-1'!J106+'G-2'!J115+0.3*('Q-1'!J124+'Q-2'!J133)+EX!J97 -> 124.68731
A26: 5 | B26: 7.5 | C26: ='G-1'!E107+'G-2'!E116+0.3*('Q-1'!E125+'Q-2'!E134)+EX!E98 -> 0 | D26: ='G-1'!F107+'G-2'!F116+0.3*('Q-1'!F125+'Q-2'!F134)+EX!F98 -> 90.4118 | E26: ='G-1'!G107+'G-2'!G116+0.3*('Q-1'!G125+'Q-2'!G134)+EX!G98 -> 0 | F26: ='G-1'!H107+'G-2'!H116+0.3*('Q-1'!H125+'Q-2'!H134)+EX!H98 -> 0 | G26: ='G-1'!I107+'G-2'!I116+0.3*('Q-1'!I125+'Q-2'!I134)+EX!I98 -> 0 | H26: ='G-1'!J107+'G-2'!J116+0.3*('Q-1'!J125+'Q-2'!J134)+EX!J98 -> 56.96247
A27: 5 | B27: 8.75 | C27: ='G-1'!E108+'G-2'!E117+0.3*('Q-1'!E126+'Q-2'!E135)+EX!E99 -> 0 | D27: ='G-1'!F108+'G-2'!F117+0.3*('Q-1'!F126+'Q-2'!F135)+EX!F99 -> 136.6258 | E27: ='G-1'!G108+'G-2'!G117+0.3*('Q-1'!G126+'Q-2'!G135)+EX!G99 -> 0 | F27: ='G-1'!H108+'G-2'!H117+0.3*('Q-1'!H126+'Q-2'!H135)+EX!H99 -> 0 | G27: ='G-1'!I108+'G-2'!I117+0.3*('Q-1'!I126+'Q-2'!I135)+EX!I99 -> 0 | H27: ='G-1'!J108+'G-2'!J117+0.3*('Q-1'!J126+'Q-2'!J135)+EX!J99 -> -57.26556
A28: 5 | B28: 10 | C28: ='G-1'!E109+'G-2'!E118+0.3*('Q-1'!E127+'Q-2'!E136)+EX!E100 -> 0 | D28: ='G-1'!F109+'G-2'!F118+0.3*('Q-1'!F127+'Q-2'!F136)+EX!F100 -> 182.8411 | E28: ='G-1'!G109+'G-2'!G118+0.3*('Q-1'!G127+'Q-2'!G136)+EX!G100 -> 0 | F28: ='G-1'!H109+'G-2'!H118+0.3*('Q-1'!H127+'Q-2'!H136)+EX!H100 -> 0 | G28: ='G-1'!I109+'G-2'!I118+0.3*('Q-1'!I127+'Q-2'!I136)+EX!I100 -> 0 | H28: ='G-1'!J109+'G-2'!J118+0.3*('Q-1'!J127+'Q-2'!J136)+EX!J100 -> -217.99718

Sheet EQ-
A1: Frame | B1: Station | C1: P | D1: V2 | E1: V3 | F1: T | G1: M2 | H1: M3
A2: 1 | B2: 0 | C2: ='G-1'!E5+'G-2'!E8+0.3*('Q-1'!E11+'Q-2'!E14)-EX!E2 -> -182.8411 | D2: ='G-1'!F5+'G-2'!F8+0.3*('Q-1'!F11+'Q-2'!F14)-EX!F2 -> -78.1891 | E2: ='G-1'!G5+'G-2'!G8+0.3*('Q-1'!G11+'Q-2'!G14)-EX!G2 -> 0 | F2: ='G-1'!H5+'G-2'!H8+0.3*('Q-1'!H11+'Q-2'!H14)-EX!H2 -> 0 | G2: ='G-1'!I5+'G-2'!I8+0.3*('Q-1'!I11+'Q-2'!I14)-EX!I2 -> 0 | H2: ='G-1'!J5+'G-2'!J8+0.3*('Q-1'!J11+'Q-2'!J14)-EX!J2 -> -188.5861
A3: 1 | B3: 3.25 | C3: ='G-1'!E6+'G-2'!E9+0.3*('Q-1'!E12+'Q-2'!E15)-EX!E3 -> -182.8411 | D3: ='G-1'!F6+'G-2'!F9+0.3*('Q-1'!F12+'Q-2'!F15)-EX!F3 -> -78.1891 | E3: ='G-1'!G6+'G-2'!G9+0.3*('Q-1'!G12+'Q-2'!G15)-EX!G3 -> 0 | F3: ='G-1'!H6+'G-2'!H9+0.3*('Q-1'!H12+'Q-2'!H15)-EX!H3 -> 0 | G3: ='G-1'!I6+'G-2'!I9+0.3*('Q-1'!I12+'Q-2'!I15)-EX!I3 -> 0 | H3: ='G-1'!J6+'G-2'!J9+0.3*('Q-1'!J12+'Q-2'!J15)-EX!J3 -> 14.70554
A4: 1 | B4: 6.5 | C4: ='G-1'!E7+'G-2'!E10+0.3*('Q-1'!E13+'Q-2'!E16)-EX!E4 -> -182.8411 | D4: ='G-1'!F7+'G-2'!F10+0.3*('Q-1'!F13+'Q-2'!F16)-EX!F4 -> -78.1891 | E4: ='G-1'!G7+'G-2'!G10+0.3*('Q-1'!G13+'Q-2'!G16)-EX!G4 -> 0 | F4: ='G-1'!H7+'G-2'!H10+0.3*('Q-1'!H13+'Q-2'!H16)-EX!H4 -> 0 | G4: ='G-1'!I7+'G-2'!I10+0.3*('Q-1'!I13+'Q-2'!I16)-EX!I4 -> 0 | H4: ='G-1'!J7+'G-2'!J10+0.3*('Q-1'!J13+'Q-2'!J16)-EX!J4 -> 217.99718
A5: 2 | B5: 0 | C5: ='G-1'!E20+'G-2'!E23+0.3*('Q-1'!E26+'Q-2'!E29)-EX!E17 -> -411.1394 | D5: ='G-1'!F20+'G-2'!F23+0.3*('Q-1'!F26+'Q-2'!F29)-EX!F17 -> -52.992 | E5: ='G-1'!G20+'G-2'!G23+0.3*('Q-1'!G26+'Q-2'!G29)-EX!G17 -> 0 | F5: ='G-1'!H20+'G-2'!H23+0.3*('Q-1'!H26+'Q-2'!H29)-EX!H17 -> 0 | G5: ='G-1'!I20+'G-2'!I23+0.3*('Q-1'!I26+'Q-2'!I29)-EX!I17 -> 0 | H5: ='G-1'!J20+'G-2'!J23+0.3*('Q-1'!J26+'Q-2'!J29)-EX!J17 -> -146.3998
A6: 2 | B6: 3.25 | C6: ='G-1'!E21+'G-2'!E24+0.3*('Q-1'!E27+'Q-2'!E30)-EX!E18 -> -411.1394 | D6: ='G-1'!F21+'G-2'!F24+0.3*('Q-1'!F27+'Q-2'!F30)-EX!F18 -> -52.992 | E6: ='G-1'!G21+'G-2'!G24+0.3*('Q-1'!G27+'Q-2'!G30)-EX!G18 -> 0 | F6: ='G-1'!H21+'G-2'!H24+0.3*('Q-1'!H27+'Q-2'!H30)-EX!H18 -> 0 | G6: ='G-1'!I21+'G-2'!I24+0.3*('Q-1'!I27+'Q-2'!I30)-EX!I18 -> 0 | H6: ='G-1'!J21+'G-2'!J24+0.3*('Q-1'!J27+'Q-2'!J30)-EX!J18 -> -8.6205
A7: 2 | B7: 6.5 | C7: ='G-1'!E22+'G-2'!E25+0.3*('Q-1'!E28+'Q-2'!E31)-EX!E19 -> -411.1394 | D7: ='G-1'!F22+'G-2'!F25+0.3*('Q-1'!F28+'Q-2'!F31)-EX!F19 -> -52.992 | E7: ='G-1'!G22+'G-2'!G25+0.3*('Q-1'!G28+'Q-2'!G31)-EX!G19 -> 0 | F7: ='G-1'!H22+'G-2'!H25+0.3*('Q-1'!H28+'Q-2'!H31)-EX!H19 -> 0 | G7: ='G-1'!I22+'G-2'!I25+0.3*('Q-1'!I28+'Q-2'!I31)-EX!I19 -> 0 | H7: ='G-1'!J22+'G-2'!J25+0.3*('Q-1'!J28+'Q-2'!J31)-EX!J19 -> 129.1589
A8: 3 | B8: 0 | C8: ='G-1'!E35+'G-2'!E38+0.3*('Q-1'!E41+'Q-2'!E44)-EX!E32 -> -145.4531 | D8: ='G-1'!F35+'G-2'!F38+0.3*('Q-1'!F41+'Q-2'!F44)-EX!F32 -> -3.2589 | E8: ='G-1'!G35+'G-2'!G38+0.3*('Q-1'!G41+'Q-2'!G44)-EX!G32 -> 0 | F8: ='G-1'!H35+'G-2'!H38+0.3*('Q-1'!H41+'Q-2'!H44)-EX!H32 -> 0 | G8: ='G-1'!I35+'G-2'!I38+0.3*('Q-1'!I41+'Q-2'!I44)-EX!I32 -> 0 | H8: ='G-1'!J35+'G-2'!J38+0.3*('Q-1'!J41+'Q-2'!J44)-EX!J32 -> -63.1337
A9: 3 | B9: 3.25 | C9: ='G-1'!E36+'G-2'!E39+0.3*('Q-1'!E42+'Q-2'!E45)-EX!E33 -> -145.4531 | D9: ='G-1'!F36+'G-2'!F39+0.3*('Q-1'!F42+'Q-2'!F45)-EX!F33 -> -3.2589 | E9: ='G-1'!G36+'G-2'!G39+0.3*('Q-1'!G42+'Q-2'!G45)-EX!G33 -> 0 | F9: ='G-1'!H36+'G-2'!H39+0.3*('Q-1'!H42+'Q-2'!H45)-EX!H33 -> 0 | G9: ='G-1'!I36+'G-2'!I39+0.3*('Q-1'!I42+'Q-2'!I45)-EX!I33 -> 0 | H9: ='G-1'!J36+'G-2'!J39+0.3*('Q-1'!J42+'Q-2'!J45)-EX!J33 -> -54.66074
A10: 3 | B10: 6.5 | C10: ='G-1'!E37+'G-2'!E40+0.3*('Q-1'!E43+'Q-2'!E46)-EX!E34 -> -145.4531 | D10: ='G-1'!F37+'G-2'!F40+0.3*('Q-1'!F43+'Q-2'!F46)-EX!F34 -> -3.2589 | E10: ='G-1'!G37+'G-2'!G40+0.3*('Q-1'!G43+'Q-2'!G46)-EX!G34 -> 0 | F10: ='G-1'!H37+'G-2'!H40+0.3*('Q-1'!H43+'Q-2'!H46)-EX!H34 -> 0 | G10: ='G-1'!I37+'G-2'!I40+0.3*('Q-1'!I43+'Q-2'!I46)-EX!I34 -> 0 | H10: ='G-1'!J37+'G-2'!J40+0.3*('Q-1'!J43+'Q-2'!J46)-EX!J34 -> -46.18758
A11: 4 | B11: 0 | C11: ='G-1'!E56+'G-2'!E65+0.3*('Q-1'!E74+'Q-2'!E83)-EX!E47 -> 0 | D11: ='G-1'!F56+'G-2'!F65+0.3*('Q-1'!F74+'Q-2'!F83)-EX!F47 -> -182.8411 | E11: ='G-1'!G56+'G-2'!G65+0.3*('Q-1'!G74+'Q-2'!G83)-EX!G47 -> 0 | F11: ='G-1'!H56+'G-2'!H65+0.3*('Q-1'!H74+'Q-2'!H83)-EX!H47 -> 0 | G11: ='G-1'!I56+'G-2'!I65+0.3*('Q-1'!I74+'Q-2'!I83)-EX!I47 -> 0 | H11: ='G-1'!J56+'G-2'!J65+0.3*('Q-1'!J74+'Q-2'!J83)-EX!J47 -> -217.99718
A12: 4 | B12: 1.25 | C12: ='G-1'!E57+'G-2'!E66+0.3*('Q-1'!E75+'Q-2'!E84)-EX!E48 -> 0 | D12: ='G-1'!F57+'G-2'!F66+0.3*('Q-1'!F75+'Q-2'!F84)-EX!F48 -> -136.6258 | E12: ='G-1'!G57+'G-2'!G66+0.3*('Q-1'!G75+'Q-2'!G84)-EX!G48 -> 0 | F12: ='G-1'!H57+'G-2'!H66+0.3*('Q-1'!H75+'Q-2'!H84)-EX!H48 -> 0 | G12: ='G-1'!I57+'G-2'!I66+0.3*('Q-1'!I75+'Q-2'!I84)-EX!I48 -> 0 | H12: ='G-1'!J57+'G-2'!J66+0.3*('Q-1'!J75+'Q-2'!J84)-EX!J48 -> -57.26556
A13: 4 | B13: 2.5 | C13: ='G-1'!E58+'G-2'!E67+0.3*('Q-1'!E76+'Q-2'!E85)-EX!E49 -> 0 | D13: ='G-1'!F58+'G-2'!F67+0.3*('Q-1'!F76+'Q-2'!F85)-EX!F49 -> -90.4118 | E13: ='G-1'!G58+'G-2'!G67+0.3*('Q-1'!G76+'Q-2'!G85)-EX!G49 -> 0 | F13: ='G-1'!H58+'G-2'!H67+0.3*('Q-1'!H76+'Q-2'!H85)-EX!H49 -> 0 | G13: ='G-1'!I58+'G-2'!I67+0.3*('Q-1'!I76+'Q-2'!I85)-EX!I49 -> 0 | H13: ='G-1'!J58+'G-2'!J67+0.3*('Q-1'!J76+'Q-2'!J85)-EX!J49 -> 56.96247
A14: 4 | B14: 3.75 | C14: ='G-1'!E59+'G-2'!E68+0.3*('Q-1'!E77+'Q-2'!E86)-EX!E50 -> 0 | D14: ='G-1'!F59+'G-2'!F68+0.3*('Q-1'!F77+'Q-2'!F86)-EX!F50 -> -44.1975 | E14: ='G-1'!G59+'G-2'!G68+0.3*('Q-1'!G77+'Q-2'!G86)-EX!G50 -> 0 | F14: ='G-1'!H59+'G-2'!H68+0.3*('Q-1'!H77+'Q-2'!H86)-EX!H50 -> 0 | G14: ='G-1'!I59+'G-2'!I68+0.3*('Q-1'!I77+'Q-2'!I86)-EX!I50 -> 0 | H14: ='G-1'!J59+'G-2'!J68+0.3*('Q-1'!J77+'Q-2'!J86)-EX!J50 -> 124.68731
A15: 4 | B15: 5 | C15: ='G-1'!E60+'G-2'!E69+0.3*('Q-1'!E78+'Q-2'!E87)-EX!E51 -> 0 | D15: ='G-1'!F60+'G-2'!F69+0.3*('Q-1'!F78+'Q-2'!F87)-EX!F51 -> 2.0178 | E15: ='G-1'!G60+'G-2'!G69+0.3*('Q-1'!G78+'Q-2'!G87)-EX!G51 -> 0 | F15: ='G-1'!H60+'G-2'!H69+0.3*('Q-1'!H78+'Q-2'!H87)-EX!H51 -> 0 | G15: ='G-1'!I60+'G-2'!I69+0.3*('Q-1'!I78+'Q-2'!I87)-EX!I51 -> 0 | H15: ='G-1'!J60+'G-2'!J69+0.3*('Q-1'!J78+'Q-2'!J87)-EX!J51 -> 145.90873
A16: 4 | B16: 6.25 | C16: ='G-1'!E61+'G-2'!E70+0.3*('Q-1'!E79+'Q-2'!E88)-EX!E52 -> 0 | D16: ='G-1'!F61+'G-2'!F70+0.3*('Q-1'!F79+'Q-2'!F88)-EX!F52 -> 48.2321 | E16: ='G-1'!G61+'G-2'!G70+0.3*('Q-1'!G79+'Q-2'!G88)-EX!G52 -> 0 | F16: ='G-1'!H61+'G-2'!H70+0.3*('Q-1'!H79+'Q-2'!H88)-EX!H52 -> 0 | G16: ='G-1'!I61+'G-2'!I70+0.3*('Q-1'!I79+'Q-2'!I88)-EX!I52 -> 0 | H16: ='G-1'!J61+'G-2'!J70+0.3*('Q-1'!J79+'Q-2'!J88)-EX!J52 -> 120.62663
A17: 4 | B17: 7.5 | C17: ='G-1'!E62+'G-2'!E71+0.3*('Q-1'!E80+'Q-2'!E89)-EX!E53 -> 0 | D17: ='G-1'!F62+'G-2'!F71+0.3*('Q-1'!F80+'Q-2'!F89)-EX!F53 -> 94.4461 | E17: ='G-1'!G62+'G-2'!G71+0.3*('Q-1'!G80+'Q-2'!G89)-EX!G53 -> 0 | F17: ='G-1'!H62+'G-2'!H71+0.3*('Q-1'!H80+'Q-2'!H89)-EX!H53 -> 0 | G17: ='G-1'!I62+'G-2'!I71+0.3*('Q-1'!I80+'Q-2'!I89)-EX!I53 -> 0 | H17: ='G-1'!J62+'G-2'!J71+0.3*('Q-1'!J80+'Q-2'!J89)-EX!J53 -> 48.84127
A18: 4 | B18: 8.75 | C18: ='G-1'!E63+'G-2'!E72+0.3*('Q-1'!E81+'Q-2'!E90)-EX!E54 -> 0 | D18: ='G-1'!F63+'G-2'!F72+0.3*('Q-1'!F81+'Q-2'!F90)-EX!F54 -> 140.6604 | E18: ='G-1'!G63+'G-2'!G72+0.3*('Q-1'!G81+'Q-2'!G90)-EX!G54 -> 0 | F18: ='G-1'!H63+'G-2'!H72+0.3*('Q-1'!H81+'Q-2'!H90)-EX!H54 -> 0 | G18: ='G-1'!I63+'G-2'!I72+0.3*('Q-1'!I81+'Q-2'!I90)-EX!I54 -> 0 | H18: ='G-1'!J63+'G-2'!J72+0.3*('Q-1'!J81+'Q-2'!J90)-EX!J54 -> -69.44764
A19: 4 | B19: 10 | C19: ='G-1'!E64+'G-2'!E73+0.3*('Q-1'!E82+'Q-2'!E91)-EX!E55 -> 0 | D19: ='G-1'!F64+'G-2'!F73+0.3*('Q-1'!F82+'Q-2'!F91)-EX!F55 -> 186.8757 | E19: ='G-1'!G64+'G-2'!G73+0.3*('Q-1'!G82+'Q-2'!G91)-EX!G55 -> 0 | F19: ='G-1'!H64+'G-2'!H73+0.3*('Q-1'!H82+'Q-2'!H91)-EX!H55 -> 0 | G19: ='G-1'!I64+'G-2'!I73+0.3*('Q-1'!I82+'Q-2'!I91)-EX!I55 -> 0 | H19: ='G-1'!J64+'G-2'!J73+0.3*('Q-1'!J82+'Q-2'!J91)-EX!J55 -> -234.23964
A20: 5 | B20: 0 | C20: ='G-1'!E101+'G-2'!E110+0.3*('Q-1'!E119+'Q-2'!E128)-EX!E92 -> 0 | D20: ='G-1'!F101+'G-2'!F110+0.3*('Q-1'!F119+'Q-2'!F128)-EX!F92 -> -224.2637 | E20: ='G-1'!G101+'G-2'!G110+0.3*('Q-1'!G119+'Q-2'!G128)-EX!G92 -> 0 | F20: ='G-1'!H101+'G-2'!H110+0.3*('Q-1'!H119+'Q-2'!H128)-EX!H92 -> 0 | G20: ='G-1'!I101+'G-2'!I110+0.3*('Q-1'!I119+'Q-2'!I128)-EX!I92 -> 0 | H20: ='G-1'!J101+'G-2'!J110+0.3*('Q-1'!J119+'Q-2'!J128)-EX!J92 -> -363.39864
A21: 5 | B21: 1.25 | C21: ='G-1'!E102+'G-2'!E111+0.3*('Q-1'!E120+'Q-2'!E129)-EX!E93 -> 0 | D21: ='G-1'!F102+'G-2'!F111+0.3*('Q-1'!F120+'Q-2'!F129)-EX!F93 -> -178.0484 | E21: ='G-1'!G102+'G-2'!G111+0.3*('Q-1'!G120+'Q-2'!G129)-EX!G93 -> 0 | F21: ='G-1'!H102+'G-2'!H111+0.3*('Q-1'!H120+'Q-2'!H129)-EX!H93 -> 0 | G21: ='G-1'!I102+'G-2'!I111+0.3*('Q-1'!I120+'Q-2'!I129)-EX!I93 -> 0 | H21: ='G-1'!J102+'G-2'!J111+0.3*('Q-1'!J120+'Q-2'!J129)-EX!J93 -> -160.98544
A22: 5 | B22: 2.5 | C22: ='G-1'!E103+'G-2'!E112+0.3*('Q-1'!E121+'Q-2'!E130)-EX!E94 -> 0 | D22: ='G-1'!F103+'G-2'!F112+0.3*('Q-1'!F121+'Q-2'!F130)-EX!F94 -> -131.8341 | E22: ='G-1'!G103+'G-2'!G112+0.3*('Q-1'!G121+'Q-2'!G130)-EX!G94 -> 0 | F22: ='G-1'!H103+'G-2'!H112+0.3*('Q-1'!H121+'Q-2'!H130)-EX!H94 -> 0 | G22: ='G-1'!I103+'G-2'!I112+0.3*('Q-1'!I121+'Q-2'!I130)-EX!I94 -> 0 | H22: ='G-1'!J103+'G-2'!J112+0.3*('Q-1'!J121+'Q-2'!J130)-EX!J94 -> -5.07553
A23: 5 | B23: 3.75 | C23: ='G-1'!E104+'G-2'!E113+0.3*('Q-1'!E122+'Q-2'!E131)-EX!E95 -> 0 | D23: ='G-1'!F104+'G-2'!F113+0.3*('Q-1'!F122+'Q-2'!F131)-EX!F95 -> -85.6201 | E23: ='G-1'!G104+'G-2'!G113+0.3*('Q-1'!G122+'Q-2'!G131)-EX!G95 -> 0 | F23: ='G-1'!H104+'G-2'!H113+0.3*('Q-1'!H122+'Q-2'!H131)-EX!H95 -> 0 | G23: ='G-1'!I104+'G-2'!I113+0.3*('Q-1'!I122+'Q-2'!I131)-EX!I95 -> 0 | H23: ='G-1'!J104+'G-2'!J113+0.3*('Q-1'!J122+'Q-2'!J131)-EX!J95 -> 104.33083
A24: 5 | B24: 5 | C24: ='G-1'!E105+'G-2'!E114+0.3*('Q-1'!E123+'Q-2'!E132)-EX!E96 -> 0 | D24: ='G-1'!F105+'G-2'!F114+0.3*('Q-1'!F123+'Q-2'!F132)-EX!F96 -> -39.4058 | E24: ='G-1'!G105+'G-2'!G114+0.3*('Q-1'!G123+'Q-2'!G132)-EX!G96 -> 0 | F24: ='G-1'!H105+'G-2'!H114+0.3*('Q-1'!H123+'Q-2'!H132)-EX!H96 -> 0 | G24: ='G-1'!I105+'G-2'!I114+0.3*('Q-1'!I123+'Q-2'!I132)-EX!I96 -> 0 | H24: ='G-1'!J105+'G-2'!J114+0.3*('Q-1'!J123+'Q-2'!J132)-EX!J96 -> 167.23393
A25: 5 | B25: 6.25 | C25: ='G-1'!E106+'G-2'!E115+0.3*('Q-1'!E124+'Q-2'!E133)-EX!E97 -> 0 | D25: ='G-1'!F106+'G-2'!F115+0.3*('Q-1'!F124+'Q-2'!F133)-EX!F97 -> 6.8095 | E25: ='G-1'!G106+'G-2'!G115+0.3*('Q-1'!G124+'Q-2'!G133)-EX!G97 -> 0 | F25: ='G-1'!H106+'G-2'!H115+0.3*('Q-1'!H124+'Q-2'!H133)-EX!H97 -> 0 | G25: ='G-1'!I106+'G-2'!I115+0.3*('Q-1'!I124+'Q-2'!I133)-EX!I97 -> 0 | H25: ='G-1'!J106+'G-2'!J115+0.3*('Q-1'!J124+'Q-2'!J133)-EX!J97 -> 183.63371
A26: 5 | B26: 7.5 | C26: ='G-1'!E107+'G-2'!E116+0.3*('Q-1'!E125+'Q-2'!E134)-EX!E98 -> 0 | D26: ='G-1'!F107+'G-2'!F116+0.3*('Q-1'!F125+'Q-2'!F134)-EX!F98 -> 53.0238 | E26: ='G-1'!G107+'G-2'!G116+0.3*('Q-1'!G125+'Q-2'!G134)-EX!G98 -> 0 | F26: ='G-1'!H107+'G-2'!H116+0.3*('Q-1'!H125+'Q-2'!H134)-EX!H98 -> 0 | G26: ='G-1'!I107+'G-2'!I116+0.3*('Q-1'!I125+'Q-2'!I134)-EX!I98 -> 0 | H26: ='G-1'!J107+'G-2'!J116+0.3*('Q-1'!J125+'Q-2'!J134)-EX!J98 -> 153.52987
A27: 5 | B27: 8.75 | C27: ='G-1'!E108+'G-2'!E117+0.3*('Q-1'!E126+'Q-2'!E135)-EX!E99 -> 0 | D27: ='G-1'!F108+'G-2'!F117+0.3*('Q-1'!F126+'Q-2'!F135)-EX!F99 -> 99.2378 | E27: ='G-1'!G108+'G-2'!G117+0.3*('Q-1'!G126+'Q-2'!G135)-EX!G99 -> 0 | F27: ='G-1'!H108+'G-2'!H117+0.3*('Q-1'!H126+'Q-2'!H135)-EX!H99 -> 0 | G27: ='G-1'!I108+'G-2'!I117+0.3*('Q-1'!I126+'Q-2'!I135)-EX!I99 -> 0 | H27: ='G-1'!J108+'G-2'!J117+0.3*('Q-1'!J126+'Q-2'!J135)-EX!J99 -> 76.92284
A28: 5 | B28: 10 | C28: ='G-1'!E109+'G-2'!E118+0.3*('Q-1'!E127+'Q-2'!E136)-EX!E100 -> 0 | D28: ='G-1'!F109+'G-2'!F118+0.3*('Q-1'!F127+'Q-2'!F136)-EX!F100 -> 145.4531 | E28: ='G-1'!G109+'G-2'!G118+0.3*('Q-1'!G127+'Q-2'!G136)-EX!G100 -> 0 | F28: ='G-1'!H109+'G-2'!H118+0.3*('Q-1'!H127+'Q-2'!H136)-EX!H100 -> 0 | G28: ='G-1'!I109+'G-2'!I118+0.3*('Q-1'!I127+'Q-2'!I136)-EX!I100 -> 0 | H28: ='G-1'!J109+'G-2'!J118+0.3*('Q-1'!J127+'Q-2'!J136)-EX!J100 -> -46.18758

Sheet 1-2-4
A1: Αρ. Μέλους | B1: Διατομή | C1: Συνδυασμός | D1: P | E1: V2 | F1: V3 | G1: T | H1: M2 | I1: M3 | J1: P | K1: V2
A2: 1 | B2: H=0 (A) | C2: Δ-Δ | D2: ='Δ-Δ'!C$2 -> -300.35865 | E2: ='Δ-Δ'!D$2 -> -68.5545 | F2: ='Δ-Δ'!E$2 -> 0 | G2: ='Δ-Δ'!F$2 -> 0 | H2: ='Δ-Δ'!G$2 -> 0 | I2: ='Δ-Δ'!H$2 -> -114.77754 | J2: =D2 -> -300.35865 | K2: =E2 -> -68.5545
C3: Δ-Ε | D3: ='Δ-Ε'!C$2 -> -311.6627 | E3: ='Δ-Ε'!D$2 -> -69.68875 | F3: ='Δ-Ε'!E$2 -> 0 | G3: ='Δ-Ε'!F$2 -> 0 | H3: ='Δ-Ε'!G$2 -> 0 | I3: ='Δ-Ε'!H$2 -> -109.43708 | J3: =D3 -> -311.6627 | K3: =E3 -> -69.68875
C4: Ε-Δ | D4: ='Ε-Δ'!C$2 -> -131.26495 | E4: ='Ε-Δ'!D$2 -> -31.40575 | F4: ='Ε-Δ'!E$2 -> 0 | G4: ='Ε-Δ'!F$2 -> 0 | H4: ='Ε-Δ'!G$2 -> 0 | I4: ='Ε-Δ'!H$2 -> -59.820855 | J4: =D4 -> -131.26495 | K4: =E4 -> -31.40575
C5: EQ+ | D5: ='EQ+'!C$2 -> -145.4531 | E5: ='EQ+'!D$2 -> 3.2589 | F5: ='EQ+'!E$2 -> 0 | G5: ='EQ+'!F$2 -> 0 | H5: ='EQ+'!G$2 -> 0 | I5: ='EQ+'!H$2 -> 63.1337 | J5: =D5 -> -145.4531 | K5: =E5 -> 3.2589
C6: EQ- | D6: ='EQ-'!C$2 -> -182.8411 | E6: ='EQ-'!D$2 -> -78.1891 | F6: ='EQ-'!E$2 -> 0 | G6: ='EQ-'!F$2 -> 0 | H6: ='EQ-'!G$2 -> 0 | I6: ='EQ-'!H$2 -> -188.5861 | J6: =D6 -> -182.8411 | K6: =E6 -> -78.1891
B7: H=6.5 (B2) | C7: Δ-Δ | D7: ='Δ-Δ'!C$4 -> -300.35865 | E7: ='Δ-Δ'!D$4 -> -68.5545 | F7: ='Δ-Δ'!E$4 -> 0 | G7: ='Δ-Δ'!F$4 -> 0 | H7: ='Δ-Δ'!G$4 -> 0 | I7: ='Δ-Δ'!H$4 -> 241.70507 | J7: =D7 -> -300.35865 | K7: =E7 -> -68.5545
C8: Δ-Ε | D8: ='Δ-Ε'!C$4 -> -311.6627 | E8: ='Δ-Ε'!D$4 -> -69.68875 | F8: ='Δ-Ε'!E$4 -> 0 | G8: ='Δ-Ε'!F$4 -> 0 | H8: ='Δ-Ε'!G$4 -> 0 | I8: ='Δ-Ε'!H$4 -> 252.94357 | J8: =D8 -> -311.6627 | K8: =E8 -> -69.68875
C9: Ε-Δ | D9: ='Ε-Δ'!C$4 -> -131.26495 | E9: ='Ε-Δ'!D$4 -> -31.40575 | F9: ='Ε-Δ'!E$4 -> 0 | G9: ='Ε-Δ'!F$4 -> 0 | H9: ='Ε-Δ'!G$4 -> 0 | I9: ='Ε-Δ'!H$4 -> 103.4894 | J9: =D9 -> -131.26495 | K9: =E9 -> -31.40575
C10: EQ+ | D10: ='EQ+'!C$4 -> -145.4531 | E10: ='EQ+'!D$4 -> 3.2589 | F10: ='EQ+'!E$4 -> 0 | G10: ='EQ+'!F$4 -> 0 | H10: ='EQ+'!G$4 -> 0 | I10: ='EQ+'!H$4 -> 46.18758 | J10: =D10 -> -145.4531 | K10: =E10 -> 3.2589
C11: EQ- | D11: ='EQ-'!C$4 -> -182.8411 | E11: ='EQ-'!D$4 -> -78.1891 | F11: ='EQ-'!E$4 -> 0 | G11: ='EQ-'!F$4 -> 0 | H11: ='EQ-'!G$4 -> 0 | I11: ='EQ-'!H$4 -> 217.99718 | J11: =D11 -> -182.8411 | K11: =E11 -> -78.1891
A12: 2 | B12: H=0 (D) | C12: Δ-Δ | D12: ='Δ-Δ'!C$5 -> -752.3112 | E12: ='Δ-Δ'!D$5 -> 0 | F12: ='Δ-Δ'!E$5 -> 0 | G12: ='Δ-Δ'!F$5 -> 0 | H12: ='Δ-Δ'!G$5 -> 0 | I12: ='Δ-Δ'!H$5 -> 0 | J12: =D12 -> -752.3112 | K12: =E12 -> 0
C13: Δ-Ε | D13: ='Δ-Ε'!C$5 -> -554.7016 | E13: ='Δ-Ε'!D$5 -> 38.283 | F13: ='Δ-Ε'!E$5 -> 0 | G13: ='Δ-Ε'!F$5 -> 0 | H13: ='Δ-Ε'!G$5 -> 0 | I13: ='Δ-Ε'!H$5 -> 71.334685 | J13: =D13 -> -554.7016 | K13: =E13 -> 38.283
C14: Ε-Δ | D14: ='Ε-Δ'!C$5 -> -554.7016 | E14: ='Ε-Δ'!D$5 -> -38.283 | F14: ='Ε-Δ'!E$5 -> 0 | G14: ='Ε-Δ'!F$5 -> 0 | H14: ='Ε-Δ'!G$5 -> 0 | I14: ='Ε-Δ'!H$5 -> -71.334685 | J14: =D14 -> -554.7016 | K14: =E14 -> -38.283
C15: EQ+ | D15: ='EQ+'!C$5 -> -411.1394 | E15: ='EQ+'!D$5 -> 52.992 | F15: ='EQ+'!E$5 -> 0 | G15: ='EQ+'!F$5 -> 0 | H15: ='EQ+'!G$5 -> 0 | I15: ='EQ+'!H$5 -> 146.3998 | J15: =D15 -> -411.1394 | K15: =E15 -> 52.992
C16: EQ- | D16: ='EQ-'!C$5 -> -411.1394 | E16: ='EQ-'!D$5 -> -52.992 | F16: ='EQ-'!E$5 -> 0 | G16: ='EQ-'!F$5 -> 0 | H16: ='EQ-'!G$5 -> 0 | I16: ='EQ-'!H$5 -> -146.3998 | J16: =D16 -> -411.1394 | K16: =E16 -> -52.992
B17: H=6.5 (C2) | C17: Δ-Δ | D17: ='Δ-Δ'!C$7 -> -752.3112 | E17: ='Δ-Δ'!D$7 -> 0 | F17: ='Δ-Δ'!E$7 -> 0 | G17: ='Δ-Δ'!F$7 -> 0 | H17: ='Δ-Δ'!G$7 -> 0 | I17: ='Δ-Δ'!H$7 -> 0 | J17: =D17 -> -752.3112 | K17: =E17 -> 0
C18: Δ-Ε | D18: ='Δ-Ε'!C$7 -> -554.7016 | E18: ='Δ-Ε'!D$7 -> 38.283 | F18: ='Δ-Ε'!E$7 -> 0 | G18: ='Δ-Ε'!F$7 -> 0 | H18: ='Δ-Ε'!G$7 -> 0 | I18: ='Δ-Ε'!H$7 -> -127.73572 | J18: =D18 -> -554.7016 | K18: =E18 -> 38.283
C19: Ε-Δ | D19: ='Ε-Δ'!C$7 -> -554.7016 | E19: ='Ε-Δ'!D$7 -> -38.283 | F19: ='Ε-Δ'!E$7 -> 0 | G19: ='Ε-Δ'!F$7 -> 0 | H19: ='Ε-Δ'!G$7 -> 0 | I19: ='Ε-Δ'!H$7 -> 127.73572 | J19: =D19 -> -554.7016 | K19: =E19 -> -38.283
C20: EQ+ | D20: ='EQ+'!C$7 -> -411.1394 | E20: ='EQ+'!D$7 -> 52.992 | F20: ='EQ+'!E$7 -> 0 | G20: ='EQ+'!F$7 -> 0 | H20: ='EQ+'!G$7 -> 0 | I20: ='EQ+'!H$7 -> -129.1589 | J20: =D20 -> -411.1394 | K20: =E20 -> 52.992
C21: EQ- | D21: ='EQ-'!C$7 -> -411.1394 | E21: ='EQ-'!D$7 -> -52.992 | F21: ='EQ-'!E$7 -> 0 | G21: ='EQ-'!F$7 -> 0 | H21: ='EQ-'!G$7 -> 0 | I21: ='EQ-'!H$7 -> 129.1589 | J21: =D21 -> -411.1394 | K21: =E21 -> -52.992
A22: 4 | B22: 0 | C22: Δ-Δ | D22: ='Δ-Δ'!C$11 -> 0 | E22: ='Δ-Δ'!D$11 -> -300.35865 | F22: ='Δ-Δ'!E$11 -> 0 | G22: ='Δ-Δ'!F$11 -> 0 | H22: ='Δ-Δ'!G$11 -> 0 | I22: ='Δ-Δ'!H$11 -> -241.70507 | J22: =D22 -> 0 | K22: =E22 -> -300.35865
C23: Δ-Ε | D23: ='Δ-Ε'!C$11 -> 0 | E23: ='Δ-Ε'!D$11 -> -311.6627 | F23: ='Δ-Ε'!E$11 -> 0 | G23: ='Δ-Ε'!F$11 -> 0 | H23: ='Δ-Ε'!G$11 -> 0 | I23: ='Δ-Ε'!H$11 -> -252.94357 | J23: =D23 -> 0 | K23: =E23 -> -311.6627
C24: Ε-Δ | D24: ='Ε-Δ'!C$11 -> 0 | E24: ='Ε-Δ'!D$11 -> -131.26495 | F24: ='Ε-Δ'!E$11 -> 0 | G24: ='Ε-Δ'!F$11 -> 0 | H24: ='Ε-Δ'!G$11 -> 0 | I24: ='Ε-Δ'!H$11 -> -103.4894 | J24: =D24 -> 0 | K24: =E24 -> -131.26495
C25: EQ+ | D25: ='EQ+'!C$11 -> 0 | E25: ='EQ+'!D$11 -> -145.4531 | F25: ='EQ+'!E$11 -> 0 | G25: ='EQ+'!F$11 -> 0 | H25: ='EQ+'!G$11 -> 0 | I25: ='EQ+'!H$11 -> -46.18758 | J25: =D25 -> 0 | K25: =E25 -> -145.4531
C26: EQ- | D26: ='EQ-'!C$11 -> 0 | E26: ='EQ-'!D$11 -> -182.8411 | F26: ='EQ-'!E$11 -> 0 | G26: ='EQ-'!F$11 -> 0 | H26: ='EQ-'!G$11 -> 0 | I26: ='EQ-'!H$11 -> -217.99718 | J26: =D26 -> 0 | K26: =E26 -> -182.8411
B27: L/2 | C27: Δ-Δ | D27: ='Δ-Δ'!C$15 -> 0 | E27: ='Δ-Δ'!D$15 -> 37.89915 | F27: ='Δ-Δ'!E$15 -> 0 | G27: ='Δ-Δ'!F$15 -> 0 | H27: ='Δ-Δ'!G$15 -> 0 | I27: ='Δ-Δ'!H$15 -> 286.49716 | J27: =D27 -> 0 | K27: =E27 -> 37.89915
C28: Δ-Ε | D28: ='Δ-Ε'!C$15 -> 0 | E28: ='Δ-Ε'!D$15 -> 26.5951 | F28: ='Δ-Ε'!E$15 -> 0 | G28: ='Δ-Ε'!F$15 -> 0 | H28: ='Δ-Ε'!G$15 -> 0 | I28: ='Δ-Ε'!H$15 -> 320.7559 | J28: =D28 -> 0 | K28: =E28 -> 26.5951
C29: Ε-Δ | D29: ='Ε-Δ'!C$15 -> 0 | E29: ='Ε-Δ'!D$15 -> 29.29305 | F29: ='Ε-Δ'!E$15 -> 0 | G29: ='Ε-Δ'!F$15 -> 0 | H29: ='Ε-Δ'!G$15 -> 0 | I29: ='Ε-Δ'!H$15 -> 101.73017 | J29: =D29 -> 0 | K29: =E29 -> 29.29305
C30: EQ+ | D30: ='EQ+'!C$15 -> 0 | E30: ='EQ+'!D$15 -> 39.4058 | F30: ='EQ+'!E$15 -> 0 | G30: ='EQ+'!F$15 -> 0 | H30: ='EQ+'!G$15 -> 0 | I30: ='EQ+'!H$15 -> 167.23393 | J30: =D30 -> 0 | K30: =E30 -> 39.4058
C31: EQ- | D31: ='EQ-'!C$15 -> 0 | E31: ='EQ-'!D$15 -> 2.0178 | F31: ='EQ-'!E$15 -> 0 | G31: ='EQ-'!F$15 -> 0 | H31: ='EQ-'!G$15 -> 0 | I31: ='EQ-'!H$15 -> 145.90873 | J31: =D31 -> 0 | K31: =E31 -> 2.0178
B32: L | C32: Δ-Δ | D32: ='Δ-Δ'!C$19 -> 0 | E32: ='Δ-Δ'!D$19 -> 376.1556 | F32: ='Δ-Δ'!E$19 -> 0 | G32: ='Δ-Δ'!F$19 -> 0 | H32: ='Δ-Δ'!G$19 -> 0 | I32: ='Δ-Δ'!H$19 -> -546.78492 | J32: =D32 -> 0 | K32: =E32 -> 376.1556
C33: Δ-Ε | D33: ='Δ-Ε'!C$19 -> 0 | E33: ='Δ-Ε'!D$19 -> 364.85155 | F33: ='Δ-Ε'!E$19 -> 0 | G33: ='Δ-Ε'!F$19 -> 0 | H33: ='Δ-Ε'!G$19 -> 0 | I33: ='Δ-Ε'!H$19 -> -467.02892 | J33: =D33 -> 0 | K33: =E33 -> 364.85155
C34: Ε-Δ | D34: ='Ε-Δ'!C$19 -> 0 | E34: ='Ε-Δ'!D$19 -> 189.85005 | F34: ='Ε-Δ'!E$19 -> 0 | G34: ='Ε-Δ'!F$19 -> 0 | H34: ='Ε-Δ'!G$19 -> 0 | I34: ='Ε-Δ'!H$19 -> -339.2932 | J34: =D34 -> 0 | K34: =E34 -> 189.85005
C35: EQ+ | D35: ='EQ+'!C$19 -> 0 | E35: ='EQ+'!D$19 -> 224.2637 | F35: ='EQ+'!E$19 -> 0 | G35: ='EQ+'!F$19 -> 0 | H35: ='EQ+'!G$19 -> 0 | I35: ='EQ+'!H$19 -> -363.39864 | J35: =D35 -> 0 | K35: =E35 -> 224.2637
C36: EQ- | D36: ='EQ-'!C$19 -> 0 | E36: ='EQ-'!D$19 -> 186.8757 | F36: ='EQ-'!E$19 -> 0 | G36: ='EQ-'!F$19 -> 0 | H36: ='EQ-'!G$19 -> 0 | I36: ='EQ-'!H$19 -> -234.23964 | J36: =D36 -> 0 | K36: =E36 -> 186.8757

Sheet Πίνακας αποτελεσμάτων
A1: Αρ. Μέλους | B1: Διατομή | C1: min/max | D1: Ο.Κ.Α. χωρίς σεισμό | G1: Ο.Κ.Α. με σεισμό | L1: AEM | M1: 19048
D2: Ταυτόχρονη N | E2: Ακραία Μ | F2: Ακραία V | G2: Ταυτόχρονη N | H2: Ακραία Μ | I2: Ακραία V | L2: κ | M2: 4
A3: 1 | B3: H=0 (A) | C3: min | D3: =VLOOKUP(E3,'1-2-4'!I2:J4,2,FALSE) -> -300.35865 | E3: =MIN('1-2-4'!$I2:$I4) -> -114.77754 | F3: =MIN('1-2-4'!K2:K4) -> -69.68875 | G3: =VLOOKUP(H3,'1-2-4'!I5:J6,2,FALSE) -> -182.8411 | H3: =MIN('1-2-4'!I5:I6) -> -188.5861 | I3: =MIN('1-2-4'!K5:K6) -> -78.1891 | L3: λ | M3: 8
C4: max | D4: =VLOOKUP(E4,'1-2-4'!I2:J4,2,FALSE) -> -131.26495 | E4: =MAX('1-2-4'!$I2:$I4) -> -59.820855 | F4: =MAX('1-2-4'!K2:K4) -> -31.40575 | G4: =VLOOKUP(H4,'1-2-4'!I5:J6,2,FALSE) -> -145.4531 | H4: =MAX('1-2-4'!I5:I6) -> 63.1337 | I4: =MAX('1-2-4'!K5:K6) -> 3.2589
B5: H=6.5 (B2) | C5: min | D5: =VLOOKUP(E5,'1-2-4'!I7:J9,2,FALSE) -> -131.26495 | E5: =MIN('1-2-4'!$I7:$I9) -> 103.4894 | F5: =MIN('1-2-4'!K7:K9) -> -69.68875 | G5: =VLOOKUP(H5,'1-2-4'!I10:J11,2,FALSE) -> -145.4531 | H5: =MIN('1-2-4'!I10:I11) -> 46.18758 | I5: =MIN('1-2-4'!K10:K11) -> -78.1891
C6: max | D6: =VLOOKUP(E6,'1-2-4'!I7:J9,2,FALSE) -> -311.6627 | E6: =MAX('1-2-4'!$I7:$I9) -> 252.94357 | F6: =MAX('1-2-4'!K7:K9) -> -31.40575 | G6: =VLOOKUP(H6,'1-2-4'!I10:J11,2,FALSE) -> -182.8411 | H6: =MAX('1-2-4'!I10:I11) -> 217.99718 | I6: =MAX('1-2-4'!K10:K11) -> 3.2589
A7: 2 | B7: H=0 (D) | C7: min | D7: =VLOOKUP(E7,'1-2-4'!I12:K14,2,FALSE) -> -554.7016 | E7: =MIN('1-2-4'!$I12:$I14) -> -71.334685 | F7: =MIN('1-2-4'!K12:K14) -> -38.283 | G7: =VLOOKUP(H7,'1-2-4'!I15:J16,2,FALSE) -> -411.1394 | H7: =MIN('1-2-4'!I15:I16) -> -146.3998 | I7: =MIN('1-2-4'!K15:K16) -> -52.992
C8: max | D8: =VLOOKUP(E8,'1-2-4'!I12:K14,2,FALSE) -> -554.7016 | E8: =MAX('1-2-4'!$I12:$I14) -> 71.334685 | F8: =MAX('1-2-4'!K12:K14) -> 38.283 | G8: =VLOOKUP(H8,'1-2-4'!I15:J16,2,FALSE) -> -411.1394 | H8: =MAX('1-2-4'!I15:I16) -> 146.3998 | I8: =MAX('1-2-4'!K15:K16) -> 52.992
B9: H=6.5 (C2) | C9: min | D9: =VLOOKUP(E9,'1-2-4'!I17:J19,2,FALSE) -> -554.7016 | E9: =MIN('1-2-4'!$I17:$I19) -> -127.73572 | F9: =MIN('1-2-4'!K17:K19) -> -38.283 | G9: =VLOOKUP(H9,'1-2-4'!I20:J21,2,FALSE) -> -411.1394 | H9: =MIN('1-2-4'!I20:I21) -> -129.1589 | I9: =MIN('1-2-4'!K20:K21) -> -52.992
C10: max | D10: =VLOOKUP(E10,'1-2-4'!I17:J19,2,FALSE) -> -554.7016 | E10: =MAX('1-2-4'!$I17:$I19) -> 127.73572 | F10: =MAX('1-2-4'!K17:K19) -> 38.283 | G10: =VLOOKUP(H10,'1-2-4'!I20:J21,2,FALSE) -> -411.1394 | H10: =MAX('1-2-4'!I20:I21) -> 129.1589 | I10: =MAX('1-2-4'!K20:K21) -> 52.992
A11: 4 | B11: 0 | C11: min | D11: =VLOOKUP(E11,'1-2-4'!I22:J24,2,FALSE) -> 0 | E11: =MIN('1-2-4'!$I22:$I24) -> -252.94357 | F11: =MIN('1-2-4'!K22:K24) -> -311.6627 | G11: =VLOOKUP(H11,'1-2-4'!I25:J26,2,FALSE) -> 0 | H11: =MIN('1-2-4'!I25:I26) -> -217.99718 | I11: =MIN('1-2-4'!K25:K26) -> -182.8411
C12: max | D12: =VLOOKUP(E12,'1-2-4'!I22:J24,2,FALSE) -> 0 | E12: =MAX('1-2-4'!$I22:$I24) -> -103.4894 | F12: =MAX('1-2-4'!K22:K24) -> -131.26495 | G12: =VLOOKUP(H12,'1-2-4'!I25:J26,2,FALSE) -> 0 | H12: =MAX('1-2-4'!I25:I26) -> -46.18758 | I12: =MAX('1-2-4'!K25:K26) -> -145.4531
B13: L/2 | C13: min | D13: =VLOOKUP(E13,'1-2-4'!I27:J29,2,FALSE) -> 0 | E13: =MIN('1-2-4'!$I27:$I29) -> 101.73017 | F13: =MIN('1-2-4'!K27:K29) -> 26.5951 | G13: =VLOOKUP(H13,'1-2-4'!I30:J31,2,FALSE) -> 0 | H13: =MIN('1-2-4'!I30:I31) -> 145.90873 | I13: =MIN('1-2-4'!K30:K31) -> 2.0178
C14: max | D14: =VLOOKUP(E14,'1-2-4'!I27:J29,2,FALSE) -> 0 | E14: =MAX('1-2-4'!$I27:$I29) -> 320.7559 | F14: =MAX('1-2-4'!K27:K29) -> 37.89915 | G14: =VLOOKUP(H14,'1-2-4'!I30:J31,2,FALSE) -> 0 | H14: =MAX('1-2-4'!I30:I31) -> 167.23393 | I14: =MAX('1-2-4'!K30:K31) -> 39.4058
B15: L | C15: min | D15: =VLOOKUP(E15,'1-2-4'!I32:J34,2,FALSE) -> 0 | E15: =MIN('1-2-4'!$I32:$I34) -> -546.78492 | F15: =MIN('1-2-4'!K32:K34) -> 189.85005 | G15: =VLOOKUP(H15,'1-2-4'!I35:J36,2,FALSE) -> 0 | H15: =MIN('1-2-4'!I35:I36) -> -363.39864 | I15: =MIN('1-2-4'!K35:K36) -> 186.8757
C16: max | D16: =VLOOKUP(E16,'1-2-4'!I32:J34,2,FALSE) -> 0 | E16: =MAX('1-2-4'!$I32:$I34) -> -339.2932 | F16: =MAX('1-2-4'!K32:K34) -> 376.1556 | G16: =VLOOKUP(H16,'1-2-4'!I35:J36,2,FALSE) -> 0 | H16: =MAX('1-2-4'!I35:I36) -> -234.23964 | I16: =MAX('1-2-4'!K35:K36) -> 224.2637
